Loan_ID,Gender,Married,Dependents,Education,Self_Employed,ApplicantIncome,CoapplicantIncome,LoanAmount,Loan_Amount_Term,Credit_History,Property_Area,Loan_Status
LP1000,Male,Yes,2,Not Graduate,No,2275,1067,135.0,360.0,1.0,Semiurban,Y
LP1001,Male,Yes,0,Graduate,No,6047,3438,528.0,360.0,1.0,Urban,Y
LP1002,Female,Yes,,Graduate,No,3681,3628,359.0,180.0,1.0,Rural,Y
LP1003,Male,Yes,1,Graduate,No,2425,2707,111.0,180.0,,Semiurban,Y
LP1004,Male,Yes,0,Graduate,No,4235,0,21.0,360.0,1.0,Semiurban,Y
LP1005,Female,Yes,2,Graduate,No,9138,0,283.0,360.0,1.0,Urban,Y
LP1006,Male,No,0,Graduate,No,5984,0,,360.0,1.0,Rural,N
LP1007,Male,Yes,0,Graduate,No,13007,2809,700.0,84.0,1.0,Urban,N
LP1008,Male,No,0,Graduate,No,5236,4323,310.0,360.0,1.0,Urban,Y
LP1009,Male,Yes,1,Graduate,No,16264,0,180.0,480.0,0.0,Urban,N
LP1010,Male,No,0,Graduate,No,5237,0,89.0,360.0,1.0,Semiurban,Y
LP1011,Female,Yes,0,Not Graduate,No,4074,1378,460.0,480.0,1.0,Urban,Y
LP1012,Male,Yes,0,Graduate,Yes,2791,0,27.0,360.0,0.0,Semiurban,N
LP1013,Female,No,0,Graduate,,8212,2040,117.0,360.0,1.0,Rural,Y
LP1014,Male,Yes,0,Graduate,No,3853,0,171.0,360.0,,Semiurban,Y
LP1015,Male,Yes,0,Graduate,No,3619,0,66.0,360.0,1.0,Semiurban,Y
LP1016,Male,No,0,Not Graduate,No,8141,3712,132.0,360.0,1.0,Urban,Y
LP1017,Male,No,0,Graduate,No,8409,0,545.0,360.0,1.0,Urban,Y
LP1018,Female,Yes,1,Graduate,No,8300,0,269.0,300.0,1.0,Urban,Y
LP1019,Male,Yes,0,Graduate,No,4097,883,93.0,360.0,1.0,Urban,Y
LP1020,Male,No,1,Graduate,No,4713,0,54.0,360.0,1.0,Rural,Y
LP1021,Male,No,0,Graduate,,4694,765,496.0,60.0,1.0,Rural,N
LP1022,Female,No,0,Graduate,No,6988,0,165.0,360.0,,Rural,Y
LP1023,Female,Yes,0,Graduate,Yes,10257,0,610.0,360.0,1.0,Urban,Y
LP1024,Male,No,0,Graduate,No,5727,0,246.0,60.0,0.0,Urban,N
LP1025,Male,Yes,0,Graduate,Yes,12723,0,218.0,180.0,1.0,Urban,Y
LP1026,Male,No,2,Graduate,No,7391,0,127.0,120.0,1.0,Urban,Y
LP1027,Male,Yes,0,Not Graduate,No,3536,0,217.0,480.0,1.0,Semiurban,Y
LP1028,Male,No,0,Graduate,No,7147,1577,542.0,360.0,0.0,Urban,N
LP1029,Male,Yes,1,Graduate,,11083,1778,91.0,360.0,1.0,Semiurban,Y
LP1030,Male,Yes,0,Not Graduate,No,12077,1219,456.0,,1.0,Semiurban,Y
LP1031,Female,No,0,Graduate,No,8529,1799,229.0,120.0,1.0,Rural,Y
LP1032,Male,Yes,0,Graduate,No,4881,2977,96.0,300.0,1.0,Semiurban,Y
LP1033,Male,No,0,Graduate,No,4372,1356,163.0,360.0,1.0,Urban,Y
LP1034,Male,Yes,0,Not Graduate,No,5524,0,55.0,360.0,1.0,Urban,Y
LP1035,Male,Yes,2,Graduate,No,10904,0,193.0,360.0,1.0,Semiurban,Y
LP1036,Male,Yes,3+,Graduate,No,5908,3076,128.0,360.0,1.0,Rural,N
LP1037,Male,Yes,0,Graduate,No,5967,1205,124.0,300.0,,Semiurban,Y
LP1038,Male,Yes,1,Graduate,No,4939,3282,188.0,360.0,1.0,Rural,Y
LP1039,Male,Yes,2,Graduate,No,4160,0,52.0,360.0,1.0,Rural,Y
LP1040,,Yes,0,Graduate,No,4481,5243,649.0,120.0,1.0,Semiurban,N
LP1041,Female,No,2,Not Graduate,No,4335,0,143.0,360.0,1.0,Semiurban,N
LP1042,Male,No,1,Graduate,No,11152,643,700.0,360.0,1.0,Semiurban,Y
LP1043,Male,No,3+,Graduate,Yes,4327,1175,119.0,360.0,1.0,Urban,N
LP1044,Female,Yes,3+,Graduate,No,4942,686,95.0,360.0,0.0,Semiurban,N
LP1045,Female,Yes,0,Not Graduate,No,2500,687,240.0,360.0,1.0,Rural,Y
LP1046,Male,Yes,0,Graduate,No,6768,0,112.0,360.0,1.0,Semiurban,Y
LP1047,Male,No,0,Graduate,No,9333,1803,238.0,360.0,1.0,Rural,N
LP1048,Male,No,0,Not Graduate,No,9833,1292,426.0,360.0,0.0,Semiurban,N
LP1049,Male,Yes,0,Graduate,No,5300,1379,72.0,360.0,1.0,Rural,Y
LP1050,Male,No,3+,Not Graduate,Yes,5519,0,210.0,360.0,1.0,Semiurban,N
LP1051,Male,Yes,0,Graduate,No,4498,0,158.0,84.0,1.0,Urban,N
LP1052,Male,Yes,0,Graduate,No,6180,0,338.0,360.0,1.0,Urban,Y
LP1053,Male,Yes,2,Not Graduate,No,4782,717,235.0,360.0,1.0,Semiurban,Y
LP1054,Male,Yes,0,Graduate,No,4955,3157,453.0,300.0,1.0,Rural,Y
LP1055,Male,No,0,Graduate,No,5141,1555,150.0,360.0,1.0,Semiurban,Y
LP1056,Male,No,3+,Graduate,No,5959,7534,185.0,360.0,1.0,Urban,Y
LP1057,Male,Yes,0,Graduate,Yes,4223,1251,518.0,300.0,0.0,Urban,N
LP1058,Male,Yes,0,Graduate,No,4321,0,38.0,360.0,1.0,Urban,Y
LP1059,Male,No,0,Graduate,No,11091,3857,142.0,360.0,0.0,Semiurban,N
LP1060,Male,No,3+,Graduate,Yes,18669,0,647.0,180.0,0.0,Semiurban,N
LP1061,Male,Yes,0,Graduate,No,2875,0,198.0,360.0,0.0,Semiurban,N
LP1062,Male,Yes,0,Graduate,No,2813,0,76.0,360.0,1.0,Semiurban,Y
LP1063,Male,Yes,0,Not Graduate,No,2377,0,109.0,360.0,1.0,Semiurban,Y
LP1064,Male,Yes,0,Graduate,No,4602,0,30.0,,1.0,Rural,Y
LP1065,Male,No,3+,Graduate,No,7386,821,142.0,480.0,1.0,Urban,N
LP1066,Male,Yes,0,Graduate,No,6370,0,45.0,360.0,1.0,Urban,Y
LP1067,Male,No,3+,Graduate,No,5223,0,208.0,360.0,1.0,Semiurban,Y
LP1068,Male,Yes,0,Graduate,Yes,6183,0,54.0,360.0,1.0,Semiurban,Y
LP1069,Male,Yes,0,Graduate,No,3550,1614,54.0,120.0,1.0,Urban,Y
LP1070,Male,No,2,Graduate,No,4318,553,163.0,360.0,1.0,Semiurban,Y
LP1071,Male,Yes,0,Not Graduate,No,3980,0,190.0,360.0,1.0,Semiurban,Y
LP1072,Female,Yes,0,Not Graduate,No,1684,0,36.0,360.0,1.0,Urban,Y
LP1073,Male,No,2,Graduate,No,2924,1129,141.0,360.0,1.0,Urban,Y
LP1074,Male,No,0,Not Graduate,No,2171,1964,141.0,360.0,1.0,Rural,N
LP1075,Male,Yes,0,Not Graduate,No,6126,2720,185.0,240.0,1.0,Semiurban,Y
LP1076,Male,Yes,3+,Graduate,No,5405,8855,168.0,360.0,1.0,Urban,Y
LP1077,Male,Yes,0,Graduate,No,6431,1783,285.0,360.0,1.0,Semiurban,Y
LP1078,Male,Yes,0,Graduate,No,2263,3947,,360.0,1.0,Semiurban,Y
LP1079,Male,Yes,0,Graduate,No,2579,0,111.0,360.0,1.0,Rural,Y
LP1080,Male,Yes,0,Graduate,No,6595,560,210.0,360.0,0.0,Semiurban,N
LP1081,Male,No,0,Graduate,No,1673,0,19.0,180.0,0.0,Urban,N
LP1082,Female,No,1,Graduate,,8692,591,349.0,360.0,1.0,Urban,N
LP1083,Male,No,0,Not Graduate,,1476,0,35.0,180.0,1.0,Semiurban,Y
LP1084,Male,No,1,Graduate,No,7199,0,126.0,360.0,1.0,Rural,Y
LP1085,Male,No,0,Graduate,Yes,3268,460,74.0,360.0,1.0,Urban,Y
LP1086,Male,No,0,Graduate,No,7965,6095,215.0,360.0,1.0,Rural,N
LP1087,Male,No,0,Graduate,No,24294,0,700.0,360.0,0.0,Urban,N
LP1088,Male,Yes,1,Graduate,No,1953,575,24.0,360.0,1.0,Rural,Y
LP1089,Male,Yes,0,Not Graduate,No,5899,0,74.0,84.0,1.0,Semiurban,Y
LP1090,Male,Yes,0,Not Graduate,No,1488,1086,50.0,240.0,1.0,Urban,Y
LP1091,Male,Yes,2,Not Graduate,No,5088,3878,614.0,480.0,0.0,Rural,N
LP1092,Male,Yes,1,Not Graduate,No,3591,0,171.0,240.0,1.0,Semiurban,Y
LP1093,Male,Yes,0,Not Graduate,No,4322,1238,46.0,360.0,1.0,Semiurban,Y
LP1094,Male,Yes,2,Graduate,No,3237,2302,320.0,360.0,1.0,Rural,Y
LP1095,Male,Yes,0,Graduate,No,6981,0,403.0,360.0,1.0,Urban,Y
LP1096,Male,Yes,0,Graduate,No,2614,3096,64.0,240.0,1.0,Urban,Y
LP1097,,No,0,Graduate,No,8766,0,41.0,360.0,0.0,Urban,N
LP1098,Male,No,0,Graduate,No,4013,2618,152.0,360.0,1.0,Rural,Y
LP1099,Female,Yes,0,Graduate,Yes,2660,0,132.0,360.0,1.0,Rural,N
LP1100,,Yes,2,Not Graduate,No,9674,0,653.0,360.0,1.0,Urban,Y
LP1101,Male,Yes,0,Graduate,No,4678,1636,86.0,180.0,1.0,Semiurban,Y
LP1102,Male,No,2,Not Graduate,No,11490,0,700.0,360.0,0.0,Semiurban,N
LP1103,Female,No,3+,Graduate,No,8677,2750,64.0,,1.0,Urban,Y
LP1104,Male,Yes,1,Graduate,Yes,3394,1862,99.0,300.0,1.0,Rural,N
LP1105,Male,No,1,Graduate,No,4640,1354,110.0,360.0,,Urban,Y
LP1106,Male,Yes,1,Graduate,No,5101,0,259.0,360.0,1.0,Semiurban,Y
LP1107,Male,Yes,3+,Graduate,No,10116,665,602.0,360.0,0.0,Semiurban,N
LP1108,Male,No,0,Graduate,,5919,5715,519.0,360.0,1.0,Urban,Y
LP1109,Female,Yes,0,Not Graduate,No,4434,0,44.0,360.0,1.0,Rural,Y
LP1110,Male,Yes,0,Graduate,No,4405,2258,280.0,360.0,0.0,Semiurban,N
LP1111,Male,Yes,0,Graduate,No,4714,1371,203.0,360.0,1.0,Urban,Y
LP1112,Male,Yes,0,Graduate,,9046,563,78.0,360.0,1.0,Rural,N
LP1113,Male,No,1,Graduate,No,4832,1640,41.0,360.0,1.0,Rural,Y
LP1114,Male,No,0,Graduate,No,4038,2285,298.0,120.0,1.0,Semiurban,Y
LP1115,Female,Yes,3+,Graduate,No,3750,2903,142.0,360.0,1.0,Rural,N
LP1116,Male,Yes,0,Graduate,No,3767,1574,56.0,360.0,1.0,Urban,Y
LP1117,Male,No,,Graduate,Yes,2661,390,64.0,360.0,1.0,Rural,N
LP1118,Male,Yes,0,Graduate,No,3463,615,124.0,360.0,1.0,Semiurban,Y
LP1119,Male,No,0,Graduate,No,9974,7604,400.0,120.0,1.0,Urban,Y
LP1120,Male,No,0,Graduate,Yes,4392,842,46.0,360.0,,Urban,Y
LP1121,Male,Yes,0,Graduate,No,6728,0,550.0,360.0,1.0,Semiurban,Y
LP1122,Male,No,0,Graduate,Yes,1829,0,84.0,360.0,1.0,Urban,Y
LP1123,Male,Yes,0,Graduate,No,6300,1591,152.0,480.0,1.0,Urban,Y
LP1124,Male,Yes,0,Graduate,Yes,4482,2801,144.0,360.0,1.0,Urban,Y
LP1125,Male,Yes,0,Graduate,No,3888,1018,149.0,180.0,,Semiurban,Y
LP1126,Male,Yes,0,Graduate,No,5245,5511,124.0,360.0,1.0,Urban,Y
LP1127,Male,No,0,Graduate,No,3863,1906,171.0,,1.0,Semiurban,Y
LP1128,Male,No,0,Graduate,No,2051,0,21.0,180.0,1.0,Rural,Y
LP1129,Male,No,0,Not Graduate,Yes,6682,1499,188.0,360.0,1.0,Rural,N
LP1130,Male,No,0,Graduate,No,5399,0,61.0,360.0,1.0,Semiurban,Y
LP1131,Female,Yes,2,Not Graduate,No,3386,5460,103.0,360.0,1.0,Semiurban,Y
LP1132,Male,Yes,3+,Graduate,No,3165,0,221.0,360.0,1.0,Semiurban,Y
LP1133,Male,No,3+,Graduate,No,2593,6068,216.0,360.0,1.0,Urban,Y
LP1134,Male,No,0,Graduate,No,5351,1178,179.0,360.0,,Rural,N
LP1135,Male,Yes,0,Graduate,No,10573,3087,89.0,360.0,1.0,Urban,Y
LP1136,Female,Yes,0,Not Graduate,No,4500,2546,115.0,360.0,1.0,Semiurban,Y
LP1137,Male,Yes,2,Graduate,No,2681,0,87.0,360.0,1.0,Semiurban,Y
LP1138,Male,Yes,2,Graduate,No,5354,0,,180.0,1.0,Semiurban,Y
LP1139,Male,No,2,Graduate,No,4708,0,28.0,360.0,1.0,Rural,N
LP1140,Male,Yes,2,Graduate,No,7272,995,227.0,360.0,0.0,Urban,N
LP1141,Male,No,0,Graduate,No,6418,2323,266.0,360.0,1.0,Urban,Y
LP1142,Female,No,2,Not Graduate,,779,0,43.0,360.0,1.0,Semiurban,Y
LP1143,Male,No,2,Graduate,No,6231,0,98.0,360.0,1.0,Rural,Y
LP1144,Male,Yes,0,Not Graduate,No,2317,1723,23.0,480.0,1.0,Semiurban,Y
LP1145,Male,Yes,3+,Graduate,No,2641,1698,54.0,180.0,,Rural,Y
LP1146,Male,No,0,Graduate,No,4428,0,52.0,360.0,1.0,Rural,Y
LP1147,Male,,3+,Graduate,No,5844,0,226.0,180.0,1.0,Urban,Y
LP1148,Male,Yes,2,Not Graduate,No,1632,0,9.0,180.0,1.0,Rural,Y
LP1149,Male,No,0,Graduate,No,6728,0,121.0,180.0,1.0,Semiurban,Y
LP1150,,Yes,1,Graduate,No,6923,0,420.0,180.0,1.0,Urban,Y
LP1151,Female,No,0,Graduate,No,4929,0,119.0,360.0,1.0,Semiurban,Y
LP1152,Male,Yes,2,Graduate,No,3297,1269,196.0,360.0,1.0,Urban,Y
LP1153,Male,Yes,2,Graduate,No,3148,7543,88.0,360.0,1.0,Semiurban,Y
LP1154,,Yes,1,Graduate,No,7875,0,67.0,360.0,,Semiurban,Y
LP1155,Male,,2,Graduate,No,2553,2436,305.0,180.0,0.0,Semiurban,N
LP1156,Male,Yes,0,Graduate,Yes,8026,2151,261.0,360.0,1.0,Semiurban,Y
LP1157,Male,Yes,0,Graduate,No,4474,2284,173.0,360.0,1.0,Urban,Y
LP1158,Male,Yes,0,Not Graduate,No,3817,4296,94.0,180.0,1.0,Urban,Y
LP1159,Male,No,0,Graduate,No,2373,0,61.0,360.0,1.0,Semiurban,Y
LP1160,Male,Yes,0,Not Graduate,No,3712,1319,57.0,480.0,1.0,Rural,N
LP1161,Female,No,0,Not Graduate,No,5639,2071,400.0,360.0,1.0,Rural,N
LP1162,Male,No,0,Graduate,,2729,490,455.0,360.0,1.0,Semiurban,Y
LP1163,Male,Yes,0,Graduate,No,6094,0,200.0,360.0,1.0,Urban,Y
LP1164,Male,Yes,,Graduate,No,5026,0,80.0,360.0,1.0,Urban,Y
LP1165,Male,No,0,Graduate,No,3624,0,,360.0,1.0,Rural,N
LP1166,Female,No,2,Graduate,No,7239,556,63.0,360.0,1.0,Semiurban,Y
LP1167,Female,Yes,0,Graduate,No,1998,2400,290.0,360.0,1.0,Rural,Y
LP1168,Male,No,0,Graduate,No,5669,0,70.0,360.0,,Semiurban,Y
LP1169,Female,Yes,0,Graduate,No,10605,2006,,180.0,,Semiurban,Y
LP1170,Male,Yes,0,Not Graduate,Yes,8884,0,326.0,360.0,,Rural,Y
LP1171,Male,No,0,Graduate,No,5786,0,364.0,360.0,1.0,Urban,Y
LP1172,Male,Yes,0,Graduate,Yes,4209,4057,174.0,360.0,1.0,Rural,Y
LP1173,Female,No,0,Not Graduate,No,2836,2729,103.0,120.0,1.0,Semiurban,Y
LP1174,Male,Yes,0,Graduate,No,4206,4042,207.0,180.0,,Semiurban,Y
LP1175,Male,No,0,Graduate,No,6227,5387,185.0,60.0,,Semiurban,Y
LP1176,Male,Yes,0,Not Graduate,No,2581,1053,60.0,240.0,1.0,Semiurban,Y
LP1177,Female,Yes,2,Graduate,Yes,6903,5163,378.0,360.0,1.0,Semiurban,Y
LP1178,Female,Yes,0,Graduate,No,13807,0,,360.0,1.0,Urban,Y
LP1179,Male,Yes,3+,Graduate,Yes,4689,3048,700.0,360.0,1.0,Urban,Y
LP1180,,No,2,Not Graduate,No,1921,1280,102.0,240.0,1.0,Urban,N
LP1181,Female,Yes,3+,Graduate,No,2721,0,138.0,360.0,1.0,Urban,Y
LP1182,Male,Yes,2,Graduate,No,6968,0,,360.0,1.0,Semiurban,Y
LP1183,Male,Yes,0,Graduate,No,4694,0,158.0,240.0,1.0,Urban,Y
LP1184,Male,Yes,0,Graduate,Yes,7318,0,110.0,480.0,1.0,Semiurban,Y
LP1185,Male,No,0,Graduate,No,3800,2101,183.0,84.0,0.0,Rural,N
LP1186,Male,Yes,2,Graduate,No,7154,0,269.0,360.0,1.0,Semiurban,Y
LP1187,Male,No,1,Not Graduate,,3688,2614,156.0,360.0,1.0,Urban,N
LP1188,Male,Yes,0,Graduate,No,3490,0,401.0,360.0,1.0,Rural,Y
LP1189,Male,No,3+,Graduate,No,4027,0,245.0,360.0,,Urban,Y
LP1190,Female,Yes,0,Graduate,No,2883,0,149.0,360.0,1.0,Urban,Y
LP1191,Male,Yes,0,Graduate,No,12818,0,506.0,360.0,1.0,Urban,Y
LP1192,Male,No,1,Graduate,No,4616,579,392.0,180.0,,Semiurban,N
LP1193,,No,0,Graduate,No,6536,0,,360.0,1.0,Urban,N
LP1194,Male,No,1,Graduate,No,3795,0,222.0,360.0,1.0,Rural,Y
LP1195,Male,Yes,2,Graduate,No,3056,0,39.0,300.0,1.0,Rural,Y
LP1196,Male,Yes,0,Graduate,No,4338,0,72.0,360.0,0.0,Urban,N
LP1197,Female,No,0,Graduate,Yes,8174,1297,327.0,360.0,1.0,Semiurban,Y
LP1198,Male,Yes,0,Graduate,No,3822,1976,,360.0,1.0,Rural,Y
LP1199,Male,No,1,Not Graduate,No,2493,0,28.0,360.0,1.0,Urban,N
LP1200,Male,Yes,0,Graduate,No,5183,425,96.0,180.0,1.0,Semiurban,Y
LP1201,Female,Yes,3+,Not Graduate,No,5295,1255,167.0,360.0,1.0,Semiurban,Y
LP1202,Male,No,2,Not Graduate,No,9932,2334,261.0,360.0,1.0,Semiurban,Y
LP1203,Male,No,0,Graduate,No,5688,238,248.0,60.0,1.0,Urban,N
LP1204,Male,Yes,0,Not Graduate,No,5734,0,700.0,360.0,1.0,Semiurban,Y
LP1205,Male,Yes,1,Graduate,No,6777,3907,337.0,300.0,1.0,Semiurban,Y
LP1206,Male,Yes,1,Graduate,No,2934,3649,98.0,360.0,1.0,Semiurban,Y
LP1207,Male,Yes,0,Graduate,No,3169,2350,57.0,84.0,1.0,Rural,N
LP1208,Male,Yes,0,Graduate,No,3017,3353,124.0,360.0,0.0,Semiurban,N
LP1209,Male,Yes,0,Graduate,No,2734,2102,63.0,360.0,1.0,Semiurban,Y
LP1210,Male,No,3+,Graduate,No,7032,0,229.0,240.0,0.0,Urban,N
LP1211,,No,0,Graduate,No,5520,1450,224.0,240.0,0.0,Semiurban,N
LP1212,Male,Yes,2,Not Graduate,No,4204,1961,109.0,360.0,1.0,Rural,Y
LP1213,Female,Yes,0,Graduate,No,1767,1161,255.0,360.0,1.0,Rural,Y
LP1214,Male,Yes,3+,Graduate,No,13263,4378,262.0,360.0,1.0,Urban,Y
LP1215,Male,Yes,0,Graduate,No,3261,5245,189.0,180.0,1.0,Urban,Y
LP1216,Male,Yes,0,Graduate,No,13238,4750,654.0,300.0,1.0,Semiurban,Y
LP1217,Male,Yes,3+,Graduate,No,2613,1359,170.0,360.0,1.0,Semiurban,Y
LP1218,Female,No,3+,Graduate,Yes,3374,0,186.0,,1.0,Semiurban,N
LP1219,Male,Yes,0,Graduate,No,1998,4420,,360.0,0.0,Semiurban,N
LP1220,Male,Yes,0,Graduate,No,5711,2646,397.0,180.0,1.0,Semiurban,Y
LP1221,Male,Yes,0,Not Graduate,No,2196,2276,70.0,360.0,0.0,Urban,N
LP1222,Male,No,0,Graduate,No,3030,0,132.0,360.0,1.0,Semiurban,N
LP1223,Female,Yes,0,Graduate,No,2691,2436,222.0,60.0,1.0,Semiurban,N
LP1224,Male,Yes,2,Graduate,No,6971,846,502.0,360.0,,Urban,Y
LP1225,Female,No,0,Not Graduate,Yes,5951,2818,71.0,360.0,0.0,Urban,N
LP1226,Male,Yes,1,Graduate,No,11701,0,156.0,360.0,,Semiurban,N
LP1227,Male,Yes,0,Graduate,No,3560,5663,378.0,360.0,0.0,Semiurban,N
LP1228,Male,No,0,Graduate,No,5338,0,23.0,300.0,1.0,Semiurban,Y
LP1229,Male,Yes,1,Graduate,No,2780,0,92.0,360.0,1.0,Semiurban,Y
LP1230,Male,Yes,0,Graduate,Yes,4147,2076,297.0,360.0,1.0,Rural,Y
LP1231,Male,Yes,,Graduate,No,3825,8085,197.0,360.0,0.0,Rural,N
LP1232,Female,Yes,0,Graduate,No,5995,0,109.0,180.0,1.0,Urban,Y
LP1233,Male,No,3+,Graduate,No,7840,1735,,360.0,1.0,Urban,N
LP1234,Female,Yes,,Graduate,No,7740,4863,216.0,360.0,1.0,Rural,Y
LP1235,Female,Yes,2,Graduate,No,3331,0,58.0,360.0,1.0,Urban,Y
LP1236,Male,Yes,0,Not Graduate,No,6969,0,107.0,360.0,1.0,Semiurban,Y
LP1237,Male,Yes,0,Graduate,Yes,4727,1082,86.0,12.0,1.0,Semiurban,N
LP1238,Male,Yes,0,Graduate,No,4166,904,102.0,180.0,1.0,Urban,Y
LP1239,Male,Yes,0,Graduate,No,3525,0,70.0,300.0,1.0,Urban,N
LP1240,Female,No,0,Not Graduate,No,2957,783,303.0,360.0,1.0,Semiurban,Y
LP1241,Male,Yes,0,Graduate,No,11291,1575,239.0,360.0,1.0,Semiurban,Y
LP1242,Male,Yes,0,Not Graduate,,4765,1727,195.0,60.0,1.0,Semiurban,Y
LP1243,Male,Yes,0,Graduate,No,5229,3734,,360.0,1.0,Semiurban,Y
LP1244,Male,Yes,0,Graduate,,4283,0,70.0,480.0,1.0,Urban,Y
LP1245,Female,Yes,0,Graduate,No,16249,0,129.0,360.0,1.0,Urban,Y
LP1246,Male,Yes,0,Graduate,No,9048,0,78.0,360.0,,Urban,Y
LP1247,Male,Yes,1,Not Graduate,No,2707,4232,76.0,360.0,0.0,Semiurban,N
LP1248,Male,No,0,Not Graduate,No,3462,30275,,360.0,1.0,Semiurban,Y
LP1249,Male,No,0,Graduate,,4377,2933,353.0,360.0,1.0,Rural,N
LP1250,Male,Yes,0,Not Graduate,No,4360,0,33.0,360.0,,Urban,Y
LP1251,Female,Yes,2,Graduate,No,3536,729,72.0,360.0,1.0,Semiurban,Y
LP1252,Male,Yes,0,Graduate,No,5922,0,58.0,360.0,1.0,Semiurban,Y
LP1253,Male,Yes,1,Graduate,No,9743,0,197.0,240.0,0.0,Rural,N
LP1254,Male,Yes,3+,Graduate,No,2754,0,133.0,,,Rural,Y
LP1255,Male,No,,Not Graduate,No,2164,1788,71.0,300.0,0.0,Rural,N
LP1256,Female,No,2,Graduate,No,3885,0,90.0,360.0,,Urban,Y
LP1257,Male,No,2,Graduate,No,3965,4329,513.0,360.0,1.0,Urban,Y
LP1258,Male,Yes,0,Graduate,Yes,12878,1618,469.0,360.0,1.0,Urban,Y
LP1259,Male,No,0,Graduate,No,7781,776,125.0,120.0,1.0,Semiurban,N
LP1260,Male,Yes,1,Graduate,Yes,7564,0,201.0,360.0,1.0,Urban,Y
LP1261,Female,Yes,3+,Graduate,Yes,4279,1747,84.0,120.0,1.0,Urban,Y
LP1262,Male,Yes,0,Graduate,No,4238,540,151.0,360.0,1.0,Semiurban,Y
LP1263,Male,No,0,Graduate,No,2611,2977,187.0,180.0,1.0,Rural,N
LP1264,Female,Yes,0,Graduate,,6985,3707,106.0,180.0,1.0,Semiurban,Y
LP1265,Male,No,0,Graduate,No,6072,331,172.0,60.0,1.0,Semiurban,Y
LP1266,Male,Yes,2,Graduate,No,8962,1015,,360.0,1.0,Semiurban,Y
LP1267,Male,No,0,Graduate,No,4383,1674,207.0,84.0,1.0,Rural,Y
LP1268,Male,Yes,1,Not Graduate,No,3722,3023,278.0,360.0,1.0,Rural,Y
LP1269,Male,Yes,2,Graduate,No,5218,0,171.0,480.0,1.0,Urban,Y
LP1270,Male,No,1,Not Graduate,Yes,6572,1010,149.0,360.0,1.0,Rural,Y
LP1271,Male,Yes,1,Graduate,No,2593,0,114.0,360.0,1.0,Rural,N
LP1272,Male,Yes,2,Graduate,No,6832,0,93.0,360.0,1.0,Rural,Y
LP1273,Male,Yes,2,Graduate,Yes,4779,0,49.0,480.0,0.0,Rural,N
LP1274,Male,Yes,2,Graduate,No,3048,0,9.0,360.0,1.0,Urban,Y
LP1275,Male,Yes,0,Not Graduate,No,1279,0,29.0,360.0,1.0,Rural,N
LP1276,Male,Yes,0,Graduate,No,4533,3068,107.0,360.0,1.0,Urban,N
LP1277,Male,Yes,0,Graduate,No,9722,0,302.0,180.0,1.0,Rural,Y
LP1278,Female,No,2,Graduate,No,10908,0,73.0,360.0,1.0,Semiurban,Y
LP1279,Female,Yes,1,Graduate,No,5692,1245,109.0,360.0,,Rural,Y
LP1280,Male,Yes,0,Graduate,No,12638,1036,446.0,360.0,1.0,Rural,Y
LP1281,Male,Yes,0,Graduate,No,4730,4687,116.0,360.0,0.0,Semiurban,N
LP1282,Male,Yes,0,Graduate,No,7598,0,238.0,360.0,1.0,Rural,Y
LP1283,Male,Yes,1,Graduate,No,3940,0,66.0,180.0,,Semiurban,Y
LP1284,Male,No,0,Graduate,Yes,3832,0,90.0,480.0,1.0,Semiurban,Y
LP1285,Male,No,0,Graduate,No,3572,0,126.0,360.0,1.0,Semiurban,Y
LP1286,Male,Yes,2,Graduate,Yes,2096,1117,143.0,360.0,0.0,Rural,N
LP1287,Male,Yes,2,Graduate,No,8967,1021,255.0,360.0,1.0,Urban,Y
LP1288,Male,Yes,0,Graduate,Yes,3627,0,51.0,360.0,1.0,Semiurban,Y
LP1289,Male,Yes,0,Graduate,No,3389,730,73.0,360.0,0.0,Urban,N
LP1290,Female,Yes,3+,Graduate,No,2903,922,139.0,180.0,1.0,Semiurban,Y
LP1291,Male,No,1,Graduate,No,4396,0,54.0,360.0,1.0,Urban,Y
LP1292,Female,Yes,1,Graduate,No,11414,2848,,360.0,1.0,Rural,Y
LP1293,Male,Yes,0,Graduate,No,13528,0,253.0,60.0,1.0,Urban,Y
LP1294,Female,Yes,0,Graduate,No,2414,2902,119.0,360.0,1.0,Rural,N
LP1295,Female,Yes,0,Not Graduate,No,3311,0,,360.0,1.0,Urban,Y
LP1296,Female,Yes,1,Graduate,No,3078,5203,60.0,360.0,1.0,Rural,Y
LP1297,Female,Yes,0,Graduate,No,7730,0,260.0,360.0,0.0,Semiurban,N
LP1298,Male,No,0,Graduate,No,5511,3793,418.0,180.0,1.0,Semiurban,Y
LP1299,Male,Yes,1,Graduate,No,3635,2525,46.0,180.0,1.0,Semiurban,Y
LP1300,Male,Yes,3+,Not Graduate,No,4188,3590,237.0,360.0,0.0,Urban,N
LP1301,Male,Yes,2,Graduate,No,3895,0,189.0,360.0,1.0,Urban,Y
LP1302,Male,No,0,Graduate,Yes,10577,1660,433.0,360.0,1.0,Rural,Y
LP1303,Male,Yes,0,Not Graduate,No,5436,1759,132.0,360.0,1.0,Semiurban,Y
LP1304,Female,No,0,Graduate,No,6616,0,86.0,360.0,1.0,Semiurban,Y
LP1305,Male,No,0,Graduate,No,1728,2467,106.0,360.0,1.0,Urban,Y
LP1306,Male,Yes,0,Graduate,No,4679,0,132.0,360.0,1.0,Rural,Y
LP1307,Male,No,0,Graduate,No,13454,0,344.0,480.0,1.0,Semiurban,Y
LP1308,Male,Yes,1,Graduate,Yes,9145,1597,229.0,180.0,1.0,Semiurban,Y
LP1309,Male,No,2,Graduate,No,2257,0,27.0,360.0,1.0,Semiurban,Y
LP1310,Male,,3+,Not Graduate,No,3387,3897,230.0,360.0,1.0,Urban,Y
LP1311,Male,No,0,Not Graduate,No,2078,0,,360.0,1.0,Semiurban,N
LP1312,Male,Yes,0,Graduate,No,11112,0,304.0,,1.0,Semiurban,Y
LP1313,Male,Yes,0,Graduate,No,5402,0,139.0,,1.0,Urban,Y
LP1314,Male,Yes,0,Graduate,No,3438,0,246.0,360.0,1.0,Semiurban,Y
LP1315,Male,No,0,Graduate,No,4900,1853,108.0,120.0,1.0,Urban,Y
LP1316,Male,Yes,0,Graduate,Yes,1759,1574,184.0,360.0,1.0,Semiurban,Y
LP1317,Male,Yes,2,Graduate,No,3016,1209,63.0,360.0,1.0,Rural,Y
LP1318,Male,No,,Graduate,No,4905,0,242.0,360.0,0.0,Urban,N
LP1319,Female,No,3+,Graduate,No,7207,805,429.0,360.0,1.0,Semiurban,Y
LP1320,Female,Yes,0,Graduate,No,2183,0,43.0,360.0,1.0,Semiurban,Y
LP1321,Male,Yes,0,Graduate,No,4063,0,287.0,360.0,1.0,Urban,Y
LP1322,Male,Yes,,Graduate,No,7812,3843,,240.0,1.0,Rural,Y
LP1323,Male,No,0,Not Graduate,No,1811,1769,49.0,480.0,0.0,Semiurban,N
LP1324,Female,Yes,0,Graduate,No,5364,817,116.0,120.0,1.0,Semiurban,Y
LP1325,Male,No,3+,Not Graduate,No,4173,697,244.0,360.0,1.0,Semiurban,Y
LP1326,Female,Yes,0,Graduate,No,11131,1355,,360.0,1.0,Urban,Y
LP1327,Male,Yes,0,Not Graduate,No,3545,0,43.0,360.0,1.0,Rural,Y
LP1328,Male,Yes,1,Graduate,,4461,0,98.0,360.0,1.0,Urban,Y
LP1329,Male,Yes,0,Graduate,Yes,7240,0,198.0,360.0,1.0,Semiurban,Y
LP1330,Male,No,1,Not Graduate,No,1940,1683,63.0,180.0,1.0,Rural,N
LP1331,Male,Yes,0,Graduate,Yes,4364,2539,700.0,360.0,1.0,Rural,Y
LP1332,Male,Yes,2,Graduate,No,3932,760,131.0,360.0,,Semiurban,Y
LP1333,Female,No,0,Graduate,No,4528,0,104.0,360.0,1.0,Semiurban,Y
LP1334,Male,No,0,Graduate,No,7216,1617,460.0,360.0,1.0,Semiurban,Y
LP1335,Male,No,1,Graduate,No,6258,1577,148.0,360.0,1.0,Rural,Y
LP1336,Male,Yes,2,Graduate,No,3466,6539,462.0,360.0,1.0,Urban,Y
LP1337,Male,Yes,0,Not Graduate,No,4338,2127,52.0,360.0,1.0,Urban,Y
LP1338,Male,No,0,Graduate,No,9934,0,178.0,360.0,0.0,Rural,N
LP1339,Female,Yes,0,Graduate,No,3347,0,159.0,84.0,,Semiurban,N
LP1340,Male,Yes,0,Graduate,No,5158,2649,520.0,360.0,1.0,Semiurban,Y
LP1341,Female,No,0,Not Graduate,No,3618,1656,77.0,360.0,1.0,Semiurban,Y
LP1342,Female,Yes,1,Graduate,No,4687,0,63.0,360.0,1.0,Rural,Y
LP1343,Male,Yes,0,Graduate,No,2441,0,85.0,180.0,0.0,Urban,N
LP1344,Male,No,1,Graduate,No,9542,0,153.0,360.0,1.0,Semiurban,N
LP1345,Male,Yes,0,Graduate,Yes,3428,2871,127.0,360.0,1.0,Semiurban,Y
LP1346,Female,Yes,2,Not Graduate,No,7075,0,300.0,360.0,1.0,Rural,Y
LP1347,Male,Yes,2,Graduate,Yes,3659,0,62.0,360.0,1.0,Rural,N
LP1348,Male,Yes,0,Graduate,No,3653,5972,64.0,360.0,1.0,Urban,Y
LP1349,Male,Yes,0,Graduate,No,8642,2679,117.0,360.0,1.0,Semiurban,Y
LP1350,Male,No,0,Graduate,No,7751,0,,360.0,,Rural,Y
LP1351,Male,No,2,Graduate,No,5313,0,38.0,180.0,1.0,Rural,Y
LP1352,Male,Yes,0,Graduate,No,6916,0,137.0,360.0,1.0,Urban,N
LP1353,Male,Yes,0,Graduate,No,4233,0,41.0,360.0,0.0,Urban,N
LP1354,Male,No,0,Graduate,Yes,4805,0,335.0,360.0,1.0,Rural,N
LP1355,Male,Yes,2,Graduate,No,3596,0,353.0,360.0,1.0,Rural,Y
LP1356,Male,Yes,0,Graduate,Yes,7416,1874,112.0,360.0,1.0,Urban,Y
LP1357,Male,Yes,0,Graduate,No,3548,2339,167.0,360.0,0.0,Urban,N
LP1358,Male,No,3+,Graduate,No,9907,549,134.0,360.0,1.0,Semiurban,Y
LP1359,Male,Yes,0,Graduate,No,4182,0,82.0,12.0,1.0,Rural,N
LP1360,Female,No,2,Graduate,No,4870,0,377.0,360.0,1.0,Urban,Y
LP1361,Male,Yes,0,Graduate,No,6908,4428,201.0,240.0,1.0,Semiurban,Y
LP1362,Male,Yes,0,Graduate,No,4877,1413,125.0,240.0,,Semiurban,Y
LP1363,Male,Yes,2,Graduate,Yes,4216,823,66.0,360.0,0.0,Rural,N
LP1364,Male,Yes,1,Graduate,No,4758,0,241.0,360.0,1.0,Rural,Y
LP1365,Male,Yes,1,Graduate,No,7379,0,21.0,360.0,1.0,Rural,N
LP1366,Male,Yes,0,Graduate,No,3595,4395,144.0,60.0,1.0,Urban,Y
LP1367,Male,Yes,0,Graduate,No,4554,1809,148.0,360.0,1.0,Rural,Y
LP1368,Male,Yes,0,Graduate,No,4847,0,76.0,360.0,1.0,Rural,Y
LP1369,Female,Yes,0,Graduate,No,7274,2736,421.0,360.0,1.0,Semiurban,Y
LP1370,Male,Yes,0,Not Graduate,No,3809,895,247.0,300.0,1.0,Semiurban,Y
LP1371,Male,No,0,Graduate,No,11679,733,119.0,360.0,1.0,Rural,Y
LP1372,Male,Yes,0,Not Graduate,No,3692,0,345.0,360.0,,Semiurban,Y
LP1373,Male,No,0,Graduate,No,4331,837,49.0,360.0,1.0,Urban,Y
LP1374,Male,No,0,Graduate,No,4463,837,294.0,360.0,1.0,Urban,Y
LP1375,Male,Yes,0,Graduate,No,2751,0,73.0,240.0,0.0,Urban,N
LP1376,Female,No,2,Graduate,No,3075,2611,98.0,180.0,1.0,Semiurban,N
LP1377,Male,No,1,Not Graduate,No,3005,752,69.0,360.0,1.0,Rural,N
LP1378,Male,Yes,0,Graduate,Yes,8315,1172,223.0,360.0,1.0,Semiurban,Y
LP1379,Male,Yes,1,Not Graduate,No,3951,0,109.0,180.0,1.0,Rural,N
LP1380,Male,Yes,2,Graduate,No,3882,6269,134.0,360.0,1.0,Semiurban,Y
LP1381,Female,Yes,0,Not Graduate,No,7900,3409,233.0,360.0,1.0,Urban,Y
LP1382,Male,Yes,0,Not Graduate,No,9444,0,137.0,360.0,0.0,Rural,N
LP1383,Male,No,0,Graduate,No,8826,0,96.0,360.0,1.0,Semiurban,Y
LP1384,Male,No,0,Graduate,No,3317,0,,60.0,1.0,Semiurban,Y
LP1385,Female,Yes,2,Graduate,Yes,3864,0,44.0,360.0,1.0,Rural,N
LP1386,Male,No,3+,Graduate,No,11711,1946,249.0,360.0,1.0,Semiurban,N
LP1387,Female,Yes,0,Not Graduate,No,4595,2481,225.0,180.0,1.0,Semiurban,Y
LP1388,Male,No,2,Graduate,No,4273,0,111.0,360.0,0.0,Urban,N
LP1389,Female,Yes,0,Graduate,No,6774,2151,700.0,300.0,1.0,Rural,Y
LP1390,Male,No,1,Graduate,,7802,0,45.0,360.0,1.0,Urban,Y
LP1391,Male,No,2,Graduate,No,3739,1612,174.0,,1.0,Urban,Y
LP1392,Male,Yes,0,Not Graduate,No,4540,1470,145.0,360.0,1.0,Rural,N
LP1393,Male,Yes,0,Graduate,No,7498,1342,361.0,360.0,1.0,Urban,Y
LP1394,Male,No,1,Graduate,No,2926,2127,193.0,360.0,1.0,Urban,N
LP1395,Male,Yes,3+,Not Graduate,No,4051,2410,139.0,360.0,,Urban,Y
LP1396,Female,Yes,0,Graduate,No,2980,0,80.0,180.0,1.0,Semiurban,Y
LP1397,Male,No,0,Graduate,No,3143,0,47.0,480.0,1.0,Semiurban,Y
LP1398,Male,Yes,0,Graduate,No,3752,899,166.0,360.0,1.0,Urban,Y
LP1399,Male,Yes,0,Graduate,No,6031,0,43.0,360.0,1.0,Semiurban,Y
LP1400,Male,Yes,1,Graduate,No,4171,0,166.0,360.0,,Urban,Y
LP1401,Female,Yes,2,Not Graduate,No,2817,0,67.0,360.0,0.0,Semiurban,N
LP1402,Male,No,2,Graduate,No,4940,1355,110.0,360.0,1.0,Urban,Y
LP1403,Male,Yes,2,Not Graduate,No,2141,2115,88.0,240.0,0.0,Semiurban,N
LP1404,Female,Yes,2,Not Graduate,No,5094,816,128.0,60.0,1.0,Urban,N
LP1405,Female,Yes,0,Not Graduate,No,7497,4520,670.0,360.0,1.0,Rural,Y
LP1406,Male,No,0,Graduate,Yes,4652,0,700.0,180.0,1.0,Semiurban,N
LP1407,Female,Yes,0,Graduate,No,4399,0,233.0,360.0,1.0,Semiurban,Y
LP1408,Male,No,0,Graduate,Yes,5741,1609,122.0,360.0,1.0,Semiurban,N
LP1409,Female,No,3+,Graduate,No,2119,1250,122.0,360.0,1.0,Rural,N
LP1410,Male,No,1,Graduate,No,6206,0,231.0,360.0,0.0,Semiurban,N
LP1411,Male,No,3+,Graduate,No,22960,1569,323.0,360.0,0.0,Rural,N
LP1412,Male,No,0,Graduate,No,4561,2016,70.0,36.0,1.0,Semiurban,Y
LP1413,Female,No,0,Graduate,No,4569,0,105.0,360.0,1.0,Semiurban,Y
LP1414,Male,Yes,0,Graduate,No,6857,0,278.0,360.0,1.0,Rural,Y
LP1415,Male,No,0,Graduate,No,10746,0,90.0,360.0,,Urban,N
LP1416,Male,Yes,0,Graduate,No,7679,2191,,84.0,1.0,Semiurban,Y
LP1417,Male,Yes,0,Not Graduate,No,1230,609,64.0,360.0,1.0,Rural,N
LP1418,Male,No,0,Graduate,No,6286,2158,208.0,240.0,1.0,Semiurban,Y
LP1419,Female,No,3+,Not Graduate,No,16557,1751,700.0,300.0,1.0,Semiurban,Y
LP1420,Male,No,0,Not Graduate,No,5667,1980,73.0,360.0,1.0,Urban,N
LP1421,Male,Yes,0,Graduate,No,2932,0,325.0,360.0,,Urban,N
LP1422,Male,Yes,2,Graduate,No,5499,2168,68.0,360.0,1.0,Rural,Y
LP1423,Male,Yes,0,Graduate,No,2789,4611,47.0,180.0,1.0,Semiurban,Y
LP1424,Male,Yes,2,Graduate,No,8727,792,220.0,360.0,1.0,Rural,Y
LP1425,Female,Yes,1,Graduate,No,3179,0,36.0,360.0,1.0,Urban,Y
LP1426,Male,Yes,0,Graduate,No,4992,2883,184.0,360.0,1.0,Rural,Y
LP1427,Female,Yes,1,Not Graduate,No,2510,2532,115.0,360.0,1.0,Rural,Y
LP1428,Male,No,1,Not Graduate,,2979,0,63.0,180.0,0.0,Rural,N
LP1429,Female,Yes,2,Not Graduate,No,9112,0,126.0,180.0,1.0,Urban,Y
LP1430,Female,No,2,Graduate,No,5059,0,161.0,360.0,1.0,Semiurban,N
LP1431,Male,Yes,1,Graduate,Yes,3759,3990,151.0,360.0,1.0,Urban,Y
LP1432,Male,Yes,1,Not Graduate,No,2143,1458,177.0,360.0,0.0,Urban,N
LP1433,Female,Yes,0,Graduate,No,2237,0,48.0,180.0,1.0,Urban,Y
LP1434,Male,Yes,1,Graduate,No,2822,1451,55.0,360.0,1.0,Rural,Y
LP1435,Male,No,3+,Graduate,No,5079,0,41.0,180.0,0.0,Semiurban,N
LP1436,Male,Yes,1,Graduate,No,7699,2404,217.0,360.0,1.0,Rural,Y
LP1437,Male,Yes,1,Graduate,No,3757,0,40.0,360.0,,Semiurban,Y
LP1438,Male,No,0,Graduate,No,10345,1556,119.0,240.0,1.0,Rural,N
LP1439,Male,No,2,Graduate,No,3512,1392,166.0,360.0,,Semiurban,Y
LP1440,Female,Yes,3+,Graduate,No,4330,0,33.0,360.0,0.0,Semiurban,N
LP1441,Male,Yes,0,Graduate,No,3022,3002,362.0,360.0,1.0,Rural,Y
LP1442,Male,Yes,0,Graduate,Yes,7739,3257,293.0,360.0,1.0,Rural,Y
LP1443,Male,Yes,0,Graduate,Yes,13554,894,337.0,84.0,1.0,Rural,Y
LP1444,Male,Yes,0,Not Graduate,No,1527,3083,56.0,240.0,1.0,Rural,Y
LP1445,Male,Yes,1,Graduate,No,4126,1147,208.0,180.0,1.0,Semiurban,Y
LP1446,Female,No,0,Graduate,No,8868,2511,273.0,360.0,0.0,Rural,N
LP1447,Male,Yes,0,Graduate,No,2616,0,40.0,360.0,1.0,Semiurban,Y
LP1448,Male,Yes,1,Graduate,No,6295,5410,320.0,240.0,0.0,Urban,N
LP1449,Male,Yes,1,Not Graduate,No,7878,0,63.0,360.0,1.0,Urban,Y
LP1450,Male,No,1,Graduate,No,5001,0,41.0,84.0,,Semiurban,Y
LP1451,Female,Yes,1,Graduate,Yes,6246,0,72.0,360.0,1.0,Urban,Y
LP1452,Male,No,1,Graduate,No,11399,0,343.0,360.0,1.0,Rural,Y
LP1453,Male,No,2,Graduate,No,12550,1718,342.0,360.0,1.0,Semiurban,Y
LP1454,Male,Yes,1,Not Graduate,No,3889,1500,256.0,360.0,1.0,Rural,N
LP1455,Male,Yes,0,Not Graduate,No,3002,1262,56.0,360.0,,Urban,Y
LP1456,Female,Yes,1,Not Graduate,No,2426,0,85.0,360.0,1.0,Semiurban,Y
LP1457,Male,Yes,0,Not Graduate,No,6887,3938,,180.0,1.0,Urban,Y
LP1458,Male,No,0,Graduate,,2692,1189,50.0,360.0,,Semiurban,Y
LP1459,Male,Yes,0,Not Graduate,No,3502,0,108.0,360.0,,Semiurban,Y
LP1460,Male,No,2,Graduate,No,5058,2253,168.0,360.0,1.0,Urban,Y
LP1461,Male,Yes,1,Not Graduate,No,3051,680,59.0,180.0,,Semiurban,Y
LP1462,Female,Yes,0,Graduate,No,5493,0,135.0,,1.0,Semiurban,Y
LP1463,Male,Yes,1,Graduate,Yes,17290,672,396.0,84.0,1.0,Rural,Y
LP1464,Male,No,0,Graduate,No,4564,2806,160.0,120.0,0.0,Semiurban,N
LP1465,Male,No,1,Not Graduate,No,3167,0,58.0,360.0,1.0,Rural,Y
LP1466,Male,Yes,2,Graduate,No,7833,1819,99.0,360.0,1.0,Rural,Y
LP1467,Female,Yes,1,Graduate,No,5391,731,154.0,180.0,0.0,Semiurban,N
LP1468,Male,No,,Graduate,Yes,9681,1970,166.0,360.0,1.0,Urban,Y
LP1469,Male,Yes,0,Not Graduate,No,4405,3459,97.0,300.0,1.0,Semiurban,Y
LP1470,Male,No,0,Graduate,Yes,4310,1028,110.0,360.0,1.0,Urban,Y
LP1471,Male,Yes,2,Graduate,No,2309,1182,135.0,360.0,1.0,Semiurban,Y
LP1472,Male,Yes,1,Graduate,No,2451,2486,134.0,360.0,1.0,Rural,Y
LP1473,Male,Yes,0,Graduate,No,2266,2529,81.0,360.0,1.0,Semiurban,Y
LP1474,Male,Yes,0,Graduate,No,5757,329,101.0,120.0,1.0,Urban,Y
LP1475,Male,Yes,0,Graduate,No,2702,0,98.0,360.0,0.0,Semiurban,N
LP1476,Male,Yes,0,Not Graduate,No,8027,2618,,120.0,1.0,Semiurban,Y
LP1477,Male,No,0,Not Graduate,No,4091,2945,284.0,360.0,,Urban,N
LP1478,Male,Yes,0,Not Graduate,,3518,1635,37.0,180.0,1.0,Urban,Y
LP1479,Male,Yes,3+,Graduate,Yes,3330,493,37.0,240.0,1.0,Rural,N
LP1480,Male,Yes,0,Graduate,No,6466,2900,161.0,360.0,1.0,Semiurban,Y
LP1481,Male,Yes,0,Graduate,,3385,0,333.0,360.0,0.0,Semiurban,N
LP1482,Male,Yes,0,Not Graduate,No,2340,0,167.0,480.0,1.0,Semiurban,Y
LP1483,Male,Yes,0,Graduate,No,8536,0,324.0,300.0,1.0,Semiurban,Y
LP1484,Male,Yes,2,Graduate,,5690,0,172.0,360.0,0.0,Rural,N
LP1485,Male,Yes,0,Graduate,No,4336,1051,39.0,360.0,1.0,Rural,Y
LP1486,Male,No,2,Graduate,No,6526,0,173.0,480.0,1.0,Rural,Y
LP1487,Male,Yes,2,Graduate,No,4844,0,81.0,360.0,1.0,Semiurban,Y
LP1488,Male,No,0,Graduate,No,5767,0,81.0,,1.0,Urban,Y
LP1489,Male,Yes,1,Graduate,No,3368,8661,319.0,360.0,,Rural,N
LP1490,Male,Yes,,Graduate,No,13366,5670,336.0,360.0,1.0,Semiurban,Y
LP1491,Male,No,0,Graduate,No,3725,0,157.0,480.0,1.0,Urban,Y
LP1492,Male,Yes,0,Not Graduate,Yes,9469,0,65.0,360.0,1.0,Semiurban,N
LP1493,Male,No,3+,Graduate,No,4427,0,112.0,120.0,1.0,Semiurban,Y
LP1494,Male,Yes,2,Graduate,No,7072,0,96.0,360.0,1.0,Rural,Y
LP1495,Male,Yes,0,Not Graduate,No,6026,0,111.0,360.0,0.0,Semiurban,N
LP1496,Male,No,0,Graduate,No,8361,0,245.0,360.0,1.0,Rural,Y
LP1497,Male,Yes,0,Graduate,No,3334,0,39.0,360.0,0.0,Semiurban,N
LP1498,Male,Yes,2,Graduate,No,8071,1769,263.0,480.0,1.0,Semiurban,Y
LP1499,Male,No,0,Not Graduate,No,11109,767,248.0,360.0,1.0,Semiurban,Y
LP1500,Male,No,0,Graduate,No,4290,1199,86.0,180.0,1.0,Semiurban,N
LP1501,Female,No,1,Graduate,No,4901,0,87.0,360.0,1.0,Urban,Y
LP1502,Female,Yes,3+,Graduate,No,3817,0,83.0,360.0,1.0,Semiurban,Y
LP1503,Male,Yes,2,Graduate,No,4126,589,69.0,360.0,,Urban,Y
LP1504,Male,No,0,Graduate,No,11114,0,268.0,180.0,1.0,Rural,Y
LP1505,,Yes,0,Graduate,No,3116,1002,82.0,360.0,1.0,Semiurban,Y
LP1506,Male,No,3+,Graduate,No,3197,666,62.0,360.0,1.0,Semiurban,Y
LP1507,Female,Yes,3+,Not Graduate,,9759,2136,700.0,360.0,1.0,Urban,Y
LP1508,Male,Yes,0,Graduate,No,6473,0,203.0,360.0,0.0,Rural,N
LP1509,Male,No,1,Graduate,No,13716,3251,318.0,360.0,0.0,Urban,N
LP1510,Male,Yes,0,Not Graduate,No,3141,0,83.0,360.0,1.0,Semiurban,Y
LP1511,Female,Yes,0,Graduate,No,5113,0,63.0,60.0,1.0,Urban,Y
LP1512,Male,Yes,0,Not Graduate,Yes,2798,0,51.0,360.0,1.0,Urban,Y
LP1513,Male,No,0,Not Graduate,No,4354,392,93.0,360.0,1.0,Semiurban,Y
LP1514,Male,No,0,Not Graduate,No,1517,6366,84.0,360.0,1.0,Semiurban,Y
LP1515,Male,Yes,2,Graduate,No,6665,0,206.0,,1.0,Rural,Y
LP1516,Male,Yes,0,Graduate,No,5607,0,97.0,360.0,0.0,Semiurban,N
LP1517,,No,0,Graduate,No,4698,1016,109.0,360.0,1.0,Semiurban,Y
LP1518,Male,Yes,0,Graduate,No,4046,1467,91.0,480.0,1.0,Semiurban,Y
LP1519,Female,Yes,0,Graduate,No,3260,0,535.0,360.0,1.0,Urban,N
LP1520,Female,Yes,0,Graduate,No,6804,0,106.0,360.0,1.0,Urban,Y
LP1521,Male,Yes,0,Not Graduate,No,2113,2135,27.0,,1.0,Semiurban,Y
LP1522,Male,No,0,Graduate,No,6132,1792,67.0,360.0,1.0,Urban,Y
LP1523,Male,No,1,Graduate,,13394,1214,574.0,240.0,,Urban,Y
LP1524,Male,No,3+,Graduate,No,9909,0,567.0,180.0,,Semiurban,N
LP1525,Male,Yes,0,Graduate,No,2558,0,39.0,180.0,1.0,Rural,Y
LP1526,Female,Yes,3+,Graduate,No,3795,912,259.0,300.0,1.0,Semiurban,Y
LP1527,Female,Yes,2,Graduate,No,5874,0,228.0,180.0,0.0,Semiurban,N
LP1528,Male,Yes,2,Not Graduate,,3871,1300,110.0,360.0,1.0,Rural,Y
LP1529,Male,Yes,1,Graduate,,2664,0,54.0,360.0,1.0,Rural,Y
LP1530,Male,Yes,1,Graduate,No,5774,4764,284.0,360.0,1.0,Semiurban,Y
LP1531,Male,Yes,1,Graduate,,4802,1607,272.0,120.0,1.0,Rural,Y
LP1532,Male,Yes,1,Graduate,No,12332,3442,490.0,120.0,1.0,Urban,Y
LP1533,Male,No,0,Graduate,No,4301,516,74.0,180.0,1.0,Semiurban,Y
LP1534,Male,Yes,3+,Graduate,No,8450,1301,209.0,360.0,1.0,Rural,Y
LP1535,,Yes,1,Not Graduate,No,2004,0,174.0,360.0,1.0,Rural,Y
LP1536,Male,No,2,Graduate,No,3086,0,87.0,300.0,1.0,Semiurban,Y
LP1537,Male,No,0,Graduate,Yes,6784,0,286.0,360.0,1.0,Urban,Y
LP1538,Male,No,0,Graduate,No,8103,1690,334.0,360.0,0.0,Semiurban,N
LP1539,Female,Yes,0,Graduate,No,3177,5012,235.0,360.0,1.0,Semiurban,Y
LP1540,Female,No,0,Not Graduate,No,4078,0,105.0,360.0,1.0,Rural,N
LP1541,Male,Yes,0,Graduate,No,2682,0,115.0,360.0,1.0,Urban,Y
LP1542,Female,Yes,,Not Graduate,Yes,3642,0,139.0,84.0,1.0,Urban,N
LP1543,Female,Yes,0,Graduate,No,7176,0,204.0,180.0,,Urban,Y
LP1544,Male,Yes,0,Graduate,No,3968,5410,143.0,360.0,1.0,Urban,Y
LP1545,Male,Yes,0,Graduate,No,4309,0,133.0,360.0,1.0,Semiurban,Y
LP1546,Male,Yes,3+,Graduate,Yes,2962,4580,173.0,240.0,1.0,Rural,N
LP1547,Male,No,0,Not Graduate,No,2817,1405,83.0,360.0,1.0,Urban,Y
LP1548,Male,Yes,0,Graduate,No,11383,0,700.0,360.0,,Urban,Y
LP1549,Male,Yes,0,Not Graduate,No,4189,0,37.0,360.0,1.0,Urban,N
LP1550,Male,Yes,0,Not Graduate,No,2319,803,140.0,360.0,1.0,Semiurban,Y
LP1551,Male,Yes,0,Graduate,No,4184,2536,92.0,360.0,0.0,Semiurban,N
LP1552,Male,Yes,1,Graduate,No,2471,1380,101.0,300.0,1.0,Semiurban,Y
LP1553,Female,Yes,3+,Graduate,No,3104,0,396.0,360.0,1.0,Semiurban,Y
LP1554,Male,Yes,0,Graduate,No,9303,2563,152.0,360.0,1.0,Urban,Y
LP1555,Male,No,1,Not Graduate,No,3721,812,68.0,360.0,1.0,Rural,N
LP1556,Male,No,0,Graduate,No,12183,3101,363.0,60.0,1.0,Semiurban,Y
LP1557,Male,Yes,0,Not Graduate,No,3818,1294,71.0,360.0,1.0,Semiurban,Y
LP1558,Male,Yes,0,Graduate,No,4745,4070,376.0,360.0,1.0,Urban,Y
LP1559,Male,No,0,Graduate,No,6524,0,111.0,360.0,1.0,Semiurban,Y
LP1560,Male,No,1,Graduate,Yes,1725,2814,167.0,84.0,1.0,Rural,N
LP1561,Male,Yes,1,Graduate,No,5304,0,54.0,240.0,1.0,Semiurban,Y
LP1562,Female,No,2,Not Graduate,No,3917,3043,52.0,360.0,0.0,Semiurban,N
LP1563,Male,No,0,Graduate,No,9912,1953,245.0,360.0,0.0,Semiurban,N
LP1564,Male,No,1,Not Graduate,No,6840,564,64.0,360.0,1.0,Rural,N
LP1565,Male,Yes,0,Not Graduate,No,2157,3663,375.0,480.0,1.0,Semiurban,Y
LP1566,Male,Yes,0,Not Graduate,No,7968,1700,86.0,180.0,1.0,Urban,Y
LP1567,Male,Yes,0,Graduate,No,4283,3142,91.0,60.0,1.0,Semiurban,N
LP1568,Male,Yes,1,Not Graduate,No,2447,2931,169.0,360.0,,Semiurban,Y
LP1569,Male,Yes,3+,Graduate,No,5285,1052,104.0,360.0,1.0,Rural,Y
LP1570,Male,Yes,0,Graduate,No,4399,0,39.0,360.0,1.0,Semiurban,Y
LP1571,Female,Yes,0,Graduate,Yes,10178,0,700.0,480.0,1.0,Semiurban,Y
LP1572,Male,Yes,2,Graduate,No,5653,1462,89.0,360.0,1.0,Urban,Y
LP1573,Male,No,2,Graduate,No,5306,3482,186.0,360.0,1.0,Rural,N
LP1574,Female,Yes,0,Graduate,No,7404,1596,189.0,180.0,1.0,Semiurban,Y
LP1575,Male,Yes,1,Graduate,No,8140,3701,451.0,360.0,1.0,Semiurban,Y
LP1576,Female,No,,Not Graduate,No,6192,0,201.0,480.0,1.0,Rural,N
LP1577,Male,No,2,Graduate,No,9584,0,134.0,360.0,1.0,Urban,Y
LP1578,Female,No,0,Graduate,No,6424,1392,152.0,360.0,1.0,Rural,N
LP1579,Male,No,3+,Graduate,No,5213,0,108.0,360.0,1.0,Rural,N
LP1580,Male,No,0,Graduate,No,8755,4167,505.0,360.0,1.0,Urban,Y
LP1581,Male,Yes,2,Not Graduate,No,3828,1741,63.0,,1.0,Urban,Y
LP1582,Male,Yes,0,Graduate,No,4898,2622,670.0,360.0,1.0,Semiurban,Y
LP1583,Male,Yes,0,Graduate,Yes,11172,0,164.0,360.0,0.0,Rural,N
LP1584,Female,Yes,0,Not Graduate,No,9819,1973,281.0,360.0,,Rural,Y
LP1585,Male,No,0,Not Graduate,No,4006,0,45.0,180.0,1.0,Rural,N
LP1586,Male,Yes,0,Graduate,No,3936,0,41.0,36.0,1.0,Urban,Y
LP1587,Male,Yes,0,Graduate,Yes,9798,0,133.0,180.0,1.0,Semiurban,Y
LP1588,Male,Yes,0,Graduate,No,7049,0,90.0,360.0,1.0,Urban,Y
LP1589,,Yes,0,Graduate,Yes,5587,1106,,360.0,1.0,Urban,Y
LP1590,Female,Yes,2,Not Graduate,No,3371,1602,,360.0,1.0,Urban,Y
LP1591,Male,Yes,2,Graduate,No,5629,0,212.0,360.0,0.0,Rural,N
LP1592,Male,No,1,Not Graduate,No,3976,3279,105.0,360.0,1.0,Urban,Y
LP1593,Male,Yes,0,Graduate,No,3592,3055,89.0,360.0,1.0,Semiurban,Y
LP1594,Male,No,0,Graduate,No,5120,832,111.0,360.0,1.0,Urban,Y
LP1595,Male,No,3+,Not Graduate,Yes,4656,3583,377.0,180.0,1.0,Urban,N
LP1596,Male,Yes,,Not Graduate,No,3273,1699,137.0,360.0,,Rural,Y
LP1597,Male,Yes,0,Not Graduate,No,6615,0,149.0,180.0,,Urban,Y
LP1598,Female,No,3+,Not Graduate,No,8175,0,77.0,120.0,1.0,Urban,N
LP1599,Male,Yes,3+,Graduate,No,7660,5036,145.0,360.0,1.0,Urban,N
LP1600,Male,No,0,Graduate,No,4257,2175,67.0,360.0,1.0,Urban,Y
LP1601,Male,Yes,1,Graduate,Yes,6898,2970,554.0,180.0,0.0,Semiurban,N
LP1602,Female,No,0,Graduate,Yes,5000,0,,360.0,,Rural,N
LP1603,Male,No,2,Graduate,No,2839,0,39.0,360.0,1.0,Rural,Y
LP1604,Female,Yes,0,Not Graduate,No,5826,3010,147.0,360.0,1.0,Urban,Y
LP1605,Male,Yes,0,Graduate,No,5161,0,72.0,480.0,1.0,Urban,Y
LP1606,Female,No,1,Graduate,No,17555,7382,336.0,480.0,0.0,Semiurban,N
LP1607,Male,Yes,0,Graduate,No,9769,3812,440.0,300.0,0.0,Urban,N
LP1608,Male,Yes,,Graduate,No,6750,0,134.0,360.0,0.0,Urban,N
LP1609,Male,Yes,0,Graduate,Yes,5415,0,503.0,360.0,0.0,Urban,N
LP1610,Male,Yes,2,Graduate,Yes,5203,0,281.0,480.0,,Semiurban,Y
LP1611,Male,No,2,Graduate,No,3117,0,175.0,300.0,1.0,Rural,Y
LP1612,Female,No,0,Graduate,No,2346,2278,172.0,360.0,1.0,Semiurban,Y
LP1613,Female,Yes,2,Not Graduate,No,2490,3042,101.0,60.0,1.0,Urban,Y
LP1614,Male,No,0,Graduate,No,4720,0,167.0,300.0,1.0,Urban,Y
LP1615,Male,Yes,0,Graduate,No,2064,828,55.0,360.0,1.0,Semiurban,Y
LP1616,Male,Yes,0,Graduate,No,3783,0,262.0,360.0,1.0,Urban,Y
LP1617,Male,Yes,2,Graduate,No,4312,0,135.0,360.0,1.0,Rural,Y
LP1618,Male,No,2,Graduate,No,4374,2003,182.0,180.0,1.0,Urban,Y
LP1619,Male,Yes,2,Not Graduate,No,2796,706,91.0,360.0,0.0,Semiurban,N
LP1620,Male,Yes,,Graduate,No,4135,1515,420.0,360.0,1.0,Urban,Y
LP1621,Male,Yes,3+,Graduate,Yes,11185,0,106.0,360.0,1.0,Semiurban,Y
LP1622,Female,No,0,Graduate,No,6592,2763,700.0,300.0,1.0,Urban,Y
LP1623,Male,Yes,3+,Not Graduate,Yes,2957,1041,85.0,300.0,1.0,Urban,Y
LP1624,Female,Yes,1,Graduate,No,4675,798,53.0,180.0,1.0,Semiurban,Y
LP1625,Male,No,0,Graduate,No,4762,1828,97.0,360.0,1.0,Urban,N
LP1626,Male,Yes,0,Not Graduate,No,2638,2678,44.0,360.0,1.0,Rural,Y
LP1627,,Yes,0,Graduate,No,3436,0,126.0,360.0,,Rural,Y
LP1628,Male,Yes,0,Graduate,No,7815,1263,111.0,360.0,1.0,Semiurban,Y
LP1629,Female,Yes,0,Graduate,No,3994,2227,167.0,360.0,1.0,Semiurban,Y
LP1630,Female,Yes,0,Graduate,No,3004,0,151.0,60.0,1.0,Urban,N
LP1631,Female,No,0,Not Graduate,No,3930,2087,93.0,360.0,1.0,Semiurban,N
LP1632,Male,Yes,2,Graduate,No,5094,576,114.0,360.0,1.0,Urban,Y
LP1633,Male,No,1,Graduate,No,2160,2084,44.0,360.0,1.0,Semiurban,Y
LP1634,Male,No,0,Graduate,No,4735,0,88.0,,1.0,Semiurban,Y
LP1635,Male,Yes,0,Graduate,No,7286,734,700.0,360.0,1.0,Urban,Y
LP1636,Male,Yes,0,Not Graduate,No,5157,0,205.0,360.0,1.0,Semiurban,Y
LP1637,Male,No,0,Graduate,No,14517,1543,325.0,360.0,1.0,Rural,Y
LP1638,Male,Yes,2,Not Graduate,No,8007,1934,160.0,360.0,0.0,Semiurban,N
LP1639,Female,No,0,Graduate,No,9728,0,227.0,360.0,0.0,Urban,N
LP1640,Male,No,1,Graduate,No,19571,4016,616.0,360.0,1.0,Urban,Y
LP1641,Female,Yes,2,Graduate,No,6906,1919,161.0,180.0,1.0,Rural,Y
LP1642,Male,Yes,1,Not Graduate,No,4401,4421,299.0,360.0,1.0,Rural,Y
LP1643,Male,Yes,2,Graduate,No,7674,1665,121.0,360.0,0.0,Semiurban,N
LP1644,Male,Yes,0,Graduate,No,3758,1415,67.0,360.0,1.0,Urban,Y
LP1645,Female,Yes,2,Graduate,Yes,5069,1132,189.0,360.0,1.0,Semiurban,Y
LP1646,Male,Yes,1,Graduate,Yes,3618,507,46.0,360.0,1.0,Urban,Y
LP1647,Male,No,2,Graduate,No,5808,0,224.0,360.0,1.0,Semiurban,Y
LP1648,Male,No,1,Graduate,No,3611,7614,267.0,60.0,1.0,Urban,Y
LP1649,Male,No,2,Not Graduate,No,2758,2492,38.0,12.0,,Semiurban,N
LP1650,Male,Yes,3+,Graduate,No,5851,2924,226.0,180.0,1.0,Rural,N
LP1651,Female,Yes,0,Graduate,No,4530,0,36.0,360.0,1.0,Urban,Y
LP1652,Male,Yes,2,Graduate,No,2194,0,83.0,180.0,1.0,Urban,Y
LP1653,Male,Yes,2,Graduate,No,2607,0,53.0,240.0,1.0,Semiurban,Y
LP1654,Female,No,0,Graduate,No,2941,7377,700.0,360.0,0.0,Semiurban,N
LP1655,Male,Yes,3+,Graduate,Yes,3276,0,158.0,360.0,1.0,Semiurban,Y
LP1656,Female,Yes,0,Graduate,Yes,5854,0,71.0,180.0,0.0,Rural,N
LP1657,Male,No,0,Graduate,No,5339,0,34.0,60.0,1.0,Rural,Y
LP1658,Male,Yes,0,Not Graduate,No,7229,2094,,360.0,1.0,Semiurban,Y
LP1659,Male,Yes,0,Graduate,No,6888,0,75.0,360.0,0.0,Rural,N
LP1660,Male,Yes,2,Graduate,No,8056,656,685.0,,1.0,Urban,Y
LP1661,Female,Yes,0,Not Graduate,Yes,5623,0,134.0,360.0,1.0,Semiurban,Y
LP1662,Male,No,0,Not Graduate,,4516,1872,281.0,180.0,1.0,Urban,Y
LP1663,Male,Yes,0,Graduate,No,8166,0,163.0,360.0,1.0,Semiurban,Y
LP1664,Male,No,0,Graduate,No,7472,646,173.0,120.0,1.0,Semiurban,Y
LP1665,Male,No,,Graduate,No,5749,1761,176.0,180.0,1.0,Urban,Y
LP1666,Female,No,2,Graduate,No,8896,1447,510.0,360.0,0.0,Semiurban,N
LP1667,Female,Yes,0,Graduate,No,1907,796,79.0,480.0,1.0,Rural,Y
LP1668,Male,Yes,1,Graduate,Yes,4230,1395,68.0,180.0,,Urban,Y
LP1669,Male,No,0,Graduate,No,4201,0,289.0,360.0,0.0,Rural,N
LP1670,Male,Yes,,Graduate,No,8385,1174,190.0,360.0,,Urban,Y
LP1671,Male,Yes,0,Graduate,No,10350,0,185.0,480.0,1.0,Rural,Y
LP1672,Female,No,0,Graduate,No,2612,477,12.0,360.0,1.0,Semiurban,Y
LP1673,Male,Yes,0,Graduate,No,9544,450,362.0,360.0,,Urban,Y
LP1674,Male,No,1,Not Graduate,No,2113,1812,101.0,360.0,0.0,Urban,N
LP1675,Male,No,0,Not Graduate,No,2148,1934,105.0,360.0,1.0,Rural,N
LP1676,Female,No,0,Graduate,No,4337,0,80.0,360.0,1.0,Semiurban,Y
LP1677,Male,Yes,2,Graduate,No,4178,0,69.0,,1.0,Urban,Y
LP1678,Male,No,2,Graduate,,2508,0,47.0,360.0,1.0,Rural,Y
LP1679,Male,Yes,,Graduate,Yes,6553,1799,271.0,360.0,1.0,Semiurban,Y
LP1680,Male,No,2,Graduate,Yes,6647,1327,290.0,480.0,0.0,Rural,N
LP1681,Male,No,2,Graduate,,7985,5355,276.0,360.0,1.0,Semiurban,Y
LP1682,,No,0,Graduate,No,3970,1441,241.0,120.0,1.0,Semiurban,Y
LP1683,Male,Yes,1,Graduate,No,4737,0,108.0,240.0,1.0,Urban,Y
LP1684,Male,Yes,,Graduate,Yes,4757,10227,259.0,360.0,1.0,Urban,Y
LP1685,Male,Yes,1,Graduate,No,10982,0,300.0,360.0,1.0,Semiurban,Y
LP1686,Male,Yes,0,Graduate,,1647,0,16.0,,1.0,Semiurban,Y
LP1687,Female,Yes,1,Not Graduate,No,2377,2842,146.0,480.0,1.0,Semiurban,Y
LP1688,Male,Yes,0,Graduate,No,4836,0,43.0,360.0,0.0,Rural,N
LP1689,Male,Yes,0,Graduate,No,3015,0,37.0,360.0,1.0,Rural,N
LP1690,Male,No,3+,Graduate,No,4291,0,28.0,360.0,1.0,Urban,Y
LP1691,Female,No,0,Graduate,No,4554,1940,139.0,360.0,1.0,Semiurban,Y
LP1692,Male,Yes,2,Graduate,No,3603,0,246.0,480.0,,Urban,Y
LP1693,Male,No,3+,Graduate,No,4969,2271,161.0,180.0,1.0,Rural,N
LP1694,Female,No,2,Graduate,No,6484,7480,509.0,360.0,1.0,Rural,Y
LP1695,Male,Yes,0,Graduate,No,4334,0,480.0,360.0,1.0,Semiurban,Y
LP1696,Male,Yes,2,Graduate,No,3936,0,123.0,360.0,1.0,Semiurban,Y
LP1697,Male,No,,Graduate,No,4473,3291,113.0,360.0,1.0,Rural,Y
LP1698,Male,No,0,Graduate,No,4807,0,77.0,360.0,1.0,Rural,Y
LP1699,Male,No,2,Graduate,No,2345,1507,92.0,360.0,1.0,Semiurban,Y
LP1700,Male,No,1,Not Graduate,Yes,5187,3510,138.0,240.0,1.0,Rural,N
LP1701,Male,No,0,Graduate,No,3940,0,66.0,360.0,1.0,Semiurban,Y
LP1702,Male,Yes,0,Graduate,No,8853,1054,451.0,180.0,1.0,Semiurban,Y
LP1703,Female,Yes,2,Graduate,No,6370,1289,358.0,360.0,,Rural,N
LP1704,Male,Yes,1,Graduate,No,8458,8325,138.0,360.0,1.0,Urban,Y
LP1705,Male,No,0,Graduate,No,3108,1934,71.0,360.0,1.0,Urban,Y
LP1706,Male,Yes,,Graduate,,4080,6479,187.0,,1.0,Rural,Y
LP1707,Male,Yes,0,Graduate,No,2832,2090,174.0,360.0,1.0,Rural,Y
LP1708,Male,No,0,Graduate,No,3530,2148,286.0,60.0,1.0,Semiurban,N
LP1709,Male,Yes,1,Graduate,No,8812,1460,700.0,300.0,1.0,Urban,Y
LP1710,Female,No,3+,Not Graduate,No,9119,3497,224.0,180.0,1.0,Rural,N
LP1711,Male,Yes,0,Graduate,No,2940,0,54.0,360.0,1.0,Urban,Y
LP1712,Female,No,0,Not Graduate,No,3127,876,141.0,360.0,1.0,Rural,N
LP1713,Female,No,0,Graduate,Yes,4659,1413,94.0,360.0,1.0,Urban,Y
LP1714,Male,Yes,2,Not Graduate,No,5553,0,122.0,120.0,1.0,Semiurban,Y
LP1715,Male,No,0,Not Graduate,No,1529,1651,58.0,480.0,1.0,Semiurban,Y
LP1716,Male,Yes,0,Graduate,No,2466,1280,16.0,360.0,1.0,Rural,Y
LP1717,Male,Yes,3+,Not Graduate,No,5267,3665,232.0,84.0,1.0,Rural,N
LP1718,Male,No,0,Not Graduate,No,1378,3914,113.0,360.0,1.0,Semiurban,N
LP1719,Female,No,0,Graduate,No,3947,0,216.0,360.0,1.0,Semiurban,Y
LP1720,Male,Yes,0,Graduate,No,5199,0,125.0,360.0,1.0,Rural,Y
LP1721,Male,Yes,2,Graduate,No,5857,0,62.0,360.0,,Semiurban,Y
LP1722,Male,No,0,Not Graduate,No,3722,966,95.0,120.0,1.0,Semiurban,Y
LP1723,Female,Yes,0,Graduate,,4091,0,25.0,300.0,1.0,Rural,Y
LP1724,Male,Yes,0,Not Graduate,No,6403,1848,90.0,360.0,1.0,Rural,Y
LP1725,Male,Yes,2,Not Graduate,No,4707,0,171.0,360.0,1.0,Rural,N
LP1726,Male,Yes,2,Not Graduate,,2819,0,58.0,360.0,1.0,Urban,Y
LP1727,Male,No,0,Graduate,No,4908,858,252.0,360.0,1.0,Semiurban,Y
LP1728,,Yes,0,Graduate,No,5768,0,39.0,360.0,1.0,Rural,Y
LP1729,Male,Yes,2,Graduate,No,11153,456,238.0,360.0,1.0,Semiurban,Y
LP1730,Male,No,0,Not Graduate,No,6201,0,109.0,360.0,1.0,Semiurban,Y
LP1731,Male,Yes,0,Not Graduate,Yes,7848,491,373.0,360.0,1.0,Rural,N
LP1732,Male,No,0,Graduate,No,3676,2424,227.0,360.0,1.0,Urban,Y
LP1733,Male,Yes,0,Graduate,No,3816,0,139.0,120.0,0.0,Rural,N
LP1734,Male,No,0,Graduate,Yes,4335,0,283.0,360.0,0.0,Semiurban,N
LP1735,Male,No,0,Not Graduate,No,3718,0,,360.0,1.0,Rural,Y
LP1736,Male,No,0,Graduate,No,3111,5834,511.0,360.0,0.0,Urban,N
LP1737,Male,Yes,0,Graduate,No,8873,511,114.0,180.0,0.0,Urban,N
LP1738,Male,Yes,1,Not Graduate,No,6541,2228,104.0,360.0,1.0,Rural,Y
LP1739,Male,No,1,Graduate,No,4201,0,164.0,360.0,1.0,Urban,Y
LP1740,Male,Yes,0,Graduate,No,6527,784,66.0,180.0,1.0,Rural,Y
LP1741,Male,Yes,2,Graduate,No,5349,0,186.0,180.0,1.0,Urban,Y
LP1742,Female,Yes,0,Not Graduate,No,5978,4272,263.0,360.0,1.0,Rural,Y
LP1743,Male,No,2,Graduate,No,2721,2751,264.0,360.0,1.0,Rural,Y
LP1744,Male,No,0,Graduate,No,4514,0,104.0,84.0,1.0,Urban,Y
LP1745,Male,Yes,2,Graduate,No,4697,2962,191.0,360.0,1.0,Semiurban,Y
LP1746,Male,No,0,Graduate,No,6470,0,216.0,360.0,1.0,Semiurban,Y
LP1747,Male,Yes,0,Not Graduate,No,2848,0,44.0,360.0,1.0,Rural,Y
LP1748,Male,Yes,0,Graduate,Yes,1817,1016,43.0,360.0,1.0,Rural,N
LP1749,Female,Yes,0,Graduate,No,3020,1910,161.0,360.0,1.0,Rural,Y
LP1750,Male,Yes,0,Graduate,No,4691,1569,147.0,360.0,1.0,Semiurban,Y
LP1751,Male,Yes,1,Graduate,No,4968,1638,122.0,360.0,1.0,Urban,Y
LP1752,Male,No,2,Graduate,No,10958,0,249.0,360.0,1.0,Rural,N
LP1753,Male,No,0,Graduate,No,6344,1837,554.0,360.0,1.0,Rural,Y
LP1754,Male,Yes,2,Graduate,Yes,5008,2639,138.0,180.0,1.0,Semiurban,Y
LP1755,Male,Yes,2,Graduate,No,4753,0,84.0,360.0,1.0,Urban,Y
LP1756,Male,Yes,2,Graduate,No,8186,0,65.0,360.0,1.0,Semiurban,Y
LP1757,Female,No,1,Graduate,,3709,2395,143.0,360.0,1.0,Urban,Y
LP1758,Male,No,1,Not Graduate,No,3725,3224,256.0,360.0,1.0,Semiurban,Y
LP1759,Male,No,0,Graduate,Yes,3010,0,124.0,360.0,,Semiurban,N
LP1760,Male,Yes,1,Not Graduate,No,8781,1734,271.0,360.0,1.0,Semiurban,Y
LP1761,Male,Yes,3+,Graduate,No,5793,0,,180.0,0.0,Rural,N
LP1762,Male,Yes,0,Graduate,Yes,3527,0,136.0,360.0,1.0,Rural,Y
LP1763,Male,Yes,0,Graduate,No,4578,0,226.0,180.0,1.0,Rural,Y
LP1764,Female,Yes,0,Graduate,No,6126,708,311.0,180.0,0.0,Urban,N
LP1765,Male,Yes,3+,Not Graduate,No,3506,0,233.0,360.0,0.0,Urban,N
LP1766,Male,,0,Graduate,No,3799,930,102.0,360.0,1.0,Semiurban,Y
LP1767,Male,Yes,1,Graduate,No,3608,0,37.0,480.0,1.0,Urban,Y
LP1768,Male,Yes,2,Graduate,No,5649,1271,256.0,360.0,1.0,Semiurban,Y
LP1769,Male,No,3+,Graduate,No,4105,1273,214.0,240.0,1.0,Rural,N
LP1770,Male,Yes,0,Not Graduate,No,3135,0,209.0,,1.0,Rural,N
LP1771,Male,No,2,Not Graduate,No,1930,1933,213.0,360.0,1.0,Rural,N
LP1772,Male,Yes,2,Graduate,No,4999,0,425.0,180.0,1.0,Semiurban,Y
LP1773,Female,No,0,Not Graduate,No,3642,0,131.0,360.0,1.0,Urban,Y
LP1774,Male,Yes,2,Not Graduate,No,3371,153,98.0,360.0,1.0,Semiurban,Y
LP1775,Female,Yes,0,Graduate,No,5289,1882,70.0,360.0,1.0,Semiurban,Y
LP1776,Male,No,1,Graduate,No,6872,0,201.0,360.0,1.0,Urban,Y
LP1777,Male,Yes,0,Graduate,No,6719,3741,175.0,180.0,0.0,Urban,N
LP1778,Male,Yes,0,Graduate,No,6253,0,172.0,240.0,1.0,Rural,N
LP1779,Female,Yes,0,Not Graduate,No,3525,1585,127.0,360.0,1.0,Semiurban,Y
LP1780,Male,Yes,0,Graduate,,3746,3201,227.0,360.0,1.0,Rural,Y
LP1781,Female,No,0,Not Graduate,Yes,2266,836,70.0,360.0,,Rural,Y
LP1782,Male,Yes,1,Not Graduate,Yes,2904,3094,,360.0,1.0,Urban,Y
LP1783,Male,Yes,0,Graduate,No,4868,1211,25.0,360.0,1.0,Rural,Y
LP1784,Female,Yes,0,Graduate,Yes,3411,789,114.0,360.0,0.0,Semiurban,N
LP1785,Male,No,1,Not Graduate,Yes,4242,0,222.0,180.0,0.0,Rural,N
LP1786,Female,Yes,1,Not Graduate,No,2366,0,191.0,360.0,1.0,Rural,Y
LP1787,Male,No,0,Graduate,No,2414,2052,172.0,360.0,1.0,Rural,Y
LP1788,Male,No,3+,Graduate,No,7115,0,511.0,360.0,1.0,Rural,Y
LP1789,Male,Yes,0,Graduate,No,3900,1071,133.0,360.0,1.0,Urban,Y
LP1790,Male,No,2,Graduate,No,3339,0,80.0,360.0,1.0,Rural,Y
LP1791,Male,Yes,0,Graduate,No,3005,1145,141.0,360.0,1.0,Urban,Y
LP1792,Male,Yes,1,Graduate,No,5878,0,141.0,360.0,1.0,Semiurban,Y
LP1793,Male,No,3+,Graduate,Yes,9372,2104,166.0,60.0,1.0,Semiurban,Y
LP1794,Male,No,2,Graduate,No,4024,2873,118.0,360.0,1.0,Rural,Y
LP1795,Male,Yes,1,Graduate,No,4374,0,51.0,360.0,1.0,Urban,Y
LP1796,Male,Yes,1,Graduate,No,8055,1078,309.0,480.0,1.0,Urban,Y
LP1797,Male,Yes,0,Graduate,No,2287,3348,136.0,360.0,,Rural,Y
LP1798,Male,Yes,1,Graduate,No,12670,0,241.0,12.0,1.0,Urban,N
LP1799,Male,Yes,2,Graduate,No,16233,0,270.0,360.0,1.0,Urban,Y
LP1800,Male,Yes,3+,Graduate,,1708,500,74.0,360.0,1.0,Urban,N
LP1801,Male,Yes,0,Graduate,No,4614,2565,286.0,360.0,1.0,Urban,Y
LP1802,Female,Yes,0,Graduate,No,3510,0,40.0,360.0,1.0,Rural,Y
LP1803,Male,No,1,Graduate,No,4279,1650,62.0,180.0,1.0,Urban,Y
LP1804,Male,No,,Graduate,No,3997,0,,360.0,1.0,Urban,Y
LP1805,Male,No,0,Graduate,No,7088,0,70.0,300.0,1.0,Rural,Y
LP1806,Male,Yes,0,Graduate,No,4582,1498,208.0,180.0,1.0,Urban,Y
LP1807,Male,Yes,1,Graduate,No,3238,0,222.0,300.0,0.0,Rural,N
LP1808,Male,Yes,0,Not Graduate,No,3660,0,252.0,240.0,1.0,Semiurban,Y
LP1809,Female,Yes,0,Not Graduate,No,5341,1847,279.0,360.0,,Rural,Y
LP1810,,Yes,0,Graduate,No,2898,0,110.0,360.0,0.0,Urban,N
LP1811,Male,Yes,2,Graduate,No,2427,0,252.0,300.0,1.0,Semiurban,Y
LP1812,Female,No,1,Graduate,No,12840,1993,78.0,360.0,1.0,Urban,N
LP1813,Male,Yes,0,Graduate,Yes,3626,820,79.0,360.0,1.0,Rural,N
LP1814,Male,No,0,Graduate,No,4531,606,214.0,360.0,1.0,Urban,Y
LP1815,Female,Yes,0,Graduate,No,4033,2821,132.0,360.0,,Rural,Y
LP1816,Female,No,0,Graduate,No,6240,2919,492.0,300.0,1.0,Semiurban,Y
LP1817,Male,Yes,1,Graduate,,11468,0,268.0,360.0,,Semiurban,Y
LP1818,Male,Yes,0,Graduate,No,6336,2221,224.0,360.0,1.0,Semiurban,Y
LP1819,Male,Yes,,Not Graduate,No,1746,0,35.0,84.0,,Urban,Y
LP1820,Male,No,0,Graduate,No,2679,0,46.0,360.0,1.0,Urban,Y
LP1821,Male,Yes,1,Graduate,No,4031,2761,114.0,180.0,1.0,Rural,Y
LP1822,Male,Yes,0,Graduate,No,4272,292,131.0,360.0,1.0,Rural,Y
LP1823,Male,Yes,3+,Graduate,No,2361,1528,56.0,360.0,,Semiurban,N
LP1824,Female,No,3+,Graduate,No,7115,0,317.0,360.0,1.0,Semiurban,Y
LP1825,Male,Yes,1,Graduate,No,3014,0,111.0,360.0,1.0,Semiurban,Y
LP1826,Male,Yes,0,Graduate,No,9948,1854,579.0,360.0,1.0,Urban,Y
LP1827,Male,Yes,0,Graduate,No,11753,3058,171.0,360.0,1.0,Semiurban,Y
LP1828,Female,No,2,Not Graduate,No,3510,1913,43.0,360.0,1.0,Urban,N
LP1829,Male,Yes,1,Graduate,Yes,5923,0,142.0,360.0,1.0,Rural,Y
LP1830,Male,Yes,0,Graduate,No,2844,0,449.0,360.0,1.0,Urban,Y
LP1831,Male,No,0,Graduate,No,6470,1664,445.0,360.0,1.0,Semiurban,Y
LP1832,Male,Yes,0,Graduate,No,3859,1574,91.0,480.0,1.0,Semiurban,Y
LP1833,Male,Yes,2,Graduate,No,3013,0,95.0,120.0,1.0,Urban,Y
LP1834,Male,Yes,,Graduate,No,4232,0,163.0,180.0,0.0,Urban,N
LP1835,Male,Yes,1,Graduate,No,3915,0,39.0,360.0,0.0,Semiurban,N
LP1836,Male,Yes,1,Graduate,No,4165,0,243.0,360.0,0.0,Rural,N
LP1837,Female,Yes,0,Graduate,No,7584,2012,207.0,360.0,1.0,Urban,Y
LP1838,Male,No,0,Not Graduate,No,2613,0,59.0,120.0,0.0,Urban,N
LP1839,Male,No,0,Graduate,No,11249,4806,391.0,84.0,1.0,Semiurban,Y
LP1840,Male,Yes,2,Graduate,Yes,2742,1775,228.0,360.0,1.0,Semiurban,Y
LP1841,Male,Yes,0,Graduate,No,10584,8922,,360.0,1.0,Semiurban,Y
LP1842,Male,Yes,0,Graduate,No,3101,2128,41.0,480.0,0.0,Semiurban,N
LP1843,Male,No,0,Graduate,No,4822,0,143.0,360.0,,Urban,N
LP1844,Male,Yes,0,Not Graduate,No,3073,0,20.0,360.0,1.0,Urban,Y
LP1845,Female,Yes,,Graduate,No,4131,0,82.0,360.0,1.0,Rural,Y
LP1846,Male,Yes,0,Graduate,No,7053,2737,508.0,180.0,,Rural,Y
LP1847,Male,Yes,0,Graduate,No,9981,0,349.0,360.0,1.0,Semiurban,Y
LP1848,Male,Yes,2,Graduate,No,8545,0,404.0,360.0,1.0,Semiurban,Y
LP1849,Female,No,0,Graduate,No,4021,0,144.0,360.0,1.0,Rural,N
LP1850,Male,Yes,0,Graduate,No,5253,0,604.0,360.0,1.0,Rural,Y
LP1851,Male,No,0,Graduate,No,3417,3191,108.0,240.0,1.0,Rural,Y
LP1852,Female,Yes,2,Graduate,No,3132,2833,185.0,240.0,1.0,Semiurban,Y
LP1853,Female,No,0,Graduate,No,2942,4091,127.0,360.0,1.0,Semiurban,Y
LP1854,Male,No,2,Graduate,No,3963,1434,241.0,360.0,1.0,Semiurban,Y
LP1855,Male,No,3+,Graduate,Yes,5416,0,125.0,180.0,,Rural,N
LP1856,Male,Yes,1,Not Graduate,No,1406,0,103.0,,1.0,Urban,N
LP1857,Female,Yes,0,Graduate,No,4723,0,80.0,360.0,,Urban,Y
LP1858,Male,Yes,2,Graduate,No,10063,773,649.0,360.0,0.0,Urban,N
LP1859,Male,Yes,0,Graduate,No,8258,1820,356.0,360.0,1.0,Semiurban,Y
LP1860,Male,Yes,0,Graduate,No,3717,0,87.0,180.0,0.0,Urban,N
LP1861,Male,No,0,Graduate,Yes,2666,1186,132.0,360.0,0.0,Semiurban,N
LP1862,Male,No,0,Graduate,No,5982,0,170.0,360.0,1.0,Urban,Y
LP1863,Male,Yes,0,Graduate,No,1925,0,58.0,240.0,1.0,Rural,Y
LP1864,Male,Yes,0,Not Graduate,No,7410,2700,212.0,360.0,1.0,Urban,Y
LP1865,Female,No,0,Graduate,No,4378,1294,86.0,120.0,1.0,Semiurban,Y
LP1866,Female,No,0,Graduate,No,11817,1245,252.0,360.0,,Rural,Y
LP1867,Male,Yes,0,Graduate,,2356,705,25.0,360.0,1.0,Rural,Y
LP1868,Male,Yes,3+,Graduate,No,7467,0,310.0,120.0,1.0,Semiurban,Y
LP1869,Male,No,0,Graduate,No,4607,4123,94.0,84.0,1.0,Semiurban,Y
LP1870,Male,Yes,1,Graduate,No,4154,1927,127.0,84.0,1.0,Urban,Y
LP1871,Male,Yes,0,Graduate,No,2694,1077,138.0,480.0,1.0,Semiurban,Y
LP1872,Female,No,0,Graduate,No,6384,0,264.0,360.0,1.0,Semiurban,Y
LP1873,Male,No,0,Graduate,No,6636,1200,59.0,360.0,1.0,Semiurban,Y
LP1874,Male,No,0,Not Graduate,No,10741,0,243.0,360.0,0.0,Semiurban,N
LP1875,Female,No,0,Graduate,,7805,0,253.0,120.0,1.0,Urban,Y
LP1876,Male,Yes,0,Graduate,No,3703,1880,139.0,360.0,1.0,Urban,Y
LP1877,Male,Yes,0,Not Graduate,No,2317,633,170.0,180.0,0.0,Semiurban,N
LP1878,Male,Yes,0,Graduate,No,2696,8979,164.0,120.0,0.0,Rural,N
LP1879,Male,Yes,0,Graduate,No,9848,2371,77.0,60.0,1.0,Semiurban,Y
LP1880,Male,Yes,0,Graduate,No,3423,0,139.0,120.0,1.0,Semiurban,Y
LP1881,Male,Yes,0,Not Graduate,No,9083,3531,214.0,360.0,1.0,Semiurban,Y
LP1882,Female,Yes,0,Graduate,No,6171,2956,70.0,,1.0,Rural,N
LP1883,Male,No,0,Graduate,No,5624,4526,220.0,60.0,1.0,Rural,N
LP1884,Male,Yes,0,Not Graduate,No,3399,0,182.0,360.0,1.0,Urban,Y
LP1885,Male,Yes,0,Graduate,No,6587,2260,,360.0,1.0,Semiurban,Y
LP1886,Male,Yes,0,Not Graduate,No,3990,788,523.0,84.0,1.0,Semiurban,N
LP1887,Male,Yes,3+,Not Graduate,No,3284,2883,86.0,360.0,1.0,Semiurban,Y
LP1888,Male,No,0,Not Graduate,No,5901,0,150.0,360.0,1.0,Rural,N
LP1889,Male,Yes,0,Graduate,Yes,4518,0,,360.0,1.0,Semiurban,Y
LP1890,,Yes,0,Graduate,No,3394,1632,124.0,360.0,,Rural,N
LP1891,Female,No,3+,Graduate,No,6397,0,141.0,120.0,1.0,Urban,Y
LP1892,Male,Yes,1,Graduate,No,4685,985,52.0,360.0,1.0,Urban,Y
LP1893,Male,Yes,1,Graduate,No,6065,0,700.0,360.0,1.0,Rural,Y
LP1894,Male,Yes,3+,Not Graduate,,3135,5130,144.0,360.0,1.0,Semiurban,Y
LP1895,Female,Yes,0,Graduate,No,2869,0,50.0,240.0,1.0,Rural,Y
LP1896,Male,No,3+,Graduate,No,11249,0,507.0,240.0,0.0,Semiurban,N
LP1897,Male,Yes,0,Graduate,No,10220,2447,700.0,360.0,1.0,Rural,Y
LP1898,Male,Yes,1,Graduate,Yes,7343,0,366.0,360.0,1.0,Urban,Y
LP1899,Male,Yes,0,Graduate,No,4051,0,45.0,,1.0,Semiurban,Y
LP1900,Male,Yes,0,Graduate,No,4211,0,116.0,360.0,1.0,Rural,Y
LP1901,Male,Yes,3+,Not Graduate,No,8607,0,61.0,360.0,,Semiurban,Y
LP1902,Male,No,0,Graduate,No,4112,405,195.0,360.0,1.0,Semiurban,Y
LP1903,Male,Yes,3+,Graduate,Yes,3642,0,30.0,360.0,0.0,Rural,N
LP1904,Female,Yes,0,Graduate,No,12068,0,172.0,360.0,1.0,Urban,Y
LP1905,Male,Yes,1,Graduate,No,4720,1771,155.0,360.0,1.0,Rural,Y
LP1906,Male,Yes,3+,Not Graduate,Yes,10643,390,354.0,360.0,1.0,Urban,Y
LP1907,Male,Yes,0,Not Graduate,No,1865,504,48.0,,1.0,Urban,Y
LP1908,Male,No,3+,Graduate,No,6151,0,396.0,180.0,,Semiurban,Y
LP1909,Male,No,0,Not Graduate,No,12570,7182,700.0,360.0,1.0,Semiurban,Y
LP1910,Male,Yes,1,Graduate,No,4890,0,178.0,360.0,1.0,Rural,Y
LP1911,Female,Yes,0,Graduate,No,4280,0,46.0,12.0,1.0,Semiurban,N
LP1912,Female,No,0,Not Graduate,No,2117,1292,247.0,360.0,0.0,Urban,N
LP1913,Female,Yes,1,Graduate,Yes,8098,1879,142.0,240.0,,Semiurban,Y
LP1914,Female,Yes,0,Graduate,,3434,4231,569.0,360.0,0.0,Semiurban,N
LP1915,Female,Yes,,Graduate,No,4619,1419,539.0,180.0,1.0,Urban,N
LP1916,Male,No,0,Graduate,No,2841,0,95.0,360.0,0.0,Rural,N
LP1917,Male,No,2,Graduate,No,10274,4879,700.0,360.0,1.0,Rural,Y
LP1918,Male,Yes,0,Graduate,Yes,8395,1867,33.0,300.0,1.0,Rural,Y
LP1919,Male,No,1,Graduate,No,4755,0,101.0,480.0,1.0,Semiurban,Y
LP1920,Male,Yes,3+,Graduate,,2933,0,144.0,360.0,1.0,Urban,Y
LP1921,Female,Yes,0,Not Graduate,,9365,0,410.0,180.0,1.0,Semiurban,Y
LP1922,Male,Yes,0,Graduate,No,4090,2190,68.0,360.0,,Rural,Y
LP1923,Male,Yes,1,Not Graduate,Yes,2191,0,43.0,240.0,1.0,Semiurban,Y
LP1924,Male,Yes,0,Graduate,,2327,0,11.0,480.0,1.0,Urban,Y
LP1925,Male,Yes,1,Graduate,No,3621,1269,153.0,360.0,1.0,Semiurban,Y
LP1926,Male,Yes,1,Graduate,No,2608,1806,31.0,300.0,1.0,Rural,Y
LP1927,Female,No,1,Not Graduate,No,2857,0,143.0,,0.0,Rural,N
LP1928,Male,Yes,0,Graduate,No,6860,3539,538.0,180.0,1.0,Rural,Y
LP1929,Male,Yes,1,Not Graduate,No,3273,1568,85.0,360.0,1.0,Semiurban,Y
LP1930,Male,Yes,1,Graduate,,5693,634,213.0,480.0,1.0,Rural,Y
LP1931,Male,Yes,0,Graduate,No,3503,0,73.0,360.0,0.0,Semiurban,N
LP1932,Male,No,0,Graduate,No,4971,0,140.0,360.0,1.0,Semiurban,Y
LP1933,Male,No,2,Graduate,No,12374,2787,173.0,240.0,1.0,Semiurban,Y
LP1934,Male,No,1,Graduate,No,4122,0,,360.0,0.0,Semiurban,N
LP1935,Male,Yes,0,Graduate,No,5771,2231,66.0,300.0,1.0,Urban,Y
LP1936,Female,Yes,0,Graduate,No,2501,0,18.0,360.0,0.0,Semiurban,N
LP1937,Male,Yes,0,Graduate,No,10084,1728,262.0,360.0,1.0,Urban,Y
LP1938,Female,Yes,0,Graduate,No,3895,2457,133.0,60.0,1.0,Urban,Y
LP1939,Male,Yes,0,Graduate,No,7971,2020,286.0,360.0,1.0,Rural,Y
LP1940,Male,Yes,3+,Graduate,No,4560,271,76.0,360.0,0.0,Urban,N
LP1941,Female,Yes,0,Graduate,No,6433,1442,644.0,360.0,0.0,Urban,N
LP1942,Male,Yes,2,Graduate,,6620,2435,241.0,360.0,1.0,Semiurban,Y
LP1943,Male,Yes,0,Graduate,Yes,3937,0,110.0,360.0,1.0,Rural,Y
LP1944,Male,No,0,Graduate,No,8136,5887,383.0,360.0,1.0,Semiurban,Y
LP1945,Male,No,0,Not Graduate,No,2651,696,154.0,120.0,1.0,Semiurban,N
LP1946,Male,Yes,0,Graduate,No,6973,1415,293.0,84.0,1.0,Semiurban,Y
LP1947,Female,No,2,Graduate,No,4047,604,149.0,180.0,1.0,Urban,Y
LP1948,Female,Yes,3+,Not Graduate,,4877,0,189.0,360.0,1.0,Semiurban,Y
LP1949,Male,No,2,Graduate,No,3921,3674,56.0,180.0,1.0,Urban,Y
LP1950,Male,No,0,Graduate,No,4936,2311,54.0,360.0,0.0,Semiurban,N
LP1951,Male,Yes,2,Not Graduate,No,2228,2031,97.0,480.0,1.0,Urban,Y
LP1952,Male,No,0,Not Graduate,No,4611,4753,,360.0,,Urban,Y
LP1953,Male,No,3+,Graduate,Yes,4923,4221,320.0,,1.0,Semiurban,Y
LP1954,Female,No,0,Graduate,No,3790,4067,191.0,360.0,,Urban,N
LP1955,Female,No,0,Graduate,No,4704,0,165.0,360.0,1.0,Urban,Y
LP1956,Male,Yes,0,Not Graduate,No,4332,1416,61.0,12.0,1.0,Urban,N
LP1957,Male,Yes,0,Not Graduate,No,2867,0,68.0,360.0,1.0,Semiurban,Y
LP1958,Male,No,0,Graduate,No,4549,0,46.0,300.0,1.0,Urban,Y
LP1959,Male,Yes,3+,Graduate,No,3114,0,96.0,240.0,0.0,Semiurban,N
LP1960,Male,Yes,2,Graduate,No,15420,1414,,360.0,,Semiurban,Y
LP1961,Male,Yes,3+,Graduate,No,8005,0,241.0,360.0,,Semiurban,Y
LP1962,Male,Yes,0,Graduate,No,5476,5796,104.0,360.0,,Urban,Y
LP1963,Male,Yes,1,Graduate,No,8467,1070,178.0,300.0,1.0,Semiurban,Y
LP1964,Female,No,0,Graduate,No,2155,1504,157.0,84.0,1.0,Urban,N
LP1965,Male,Yes,0,Graduate,No,1786,0,50.0,360.0,1.0,Semiurban,Y
LP1966,Female,No,0,Graduate,No,4030,0,33.0,180.0,0.0,Rural,N
LP1967,Male,No,0,Graduate,,2685,1254,61.0,360.0,1.0,Semiurban,Y
LP1968,Male,Yes,1,Graduate,No,4333,6758,100.0,360.0,,Urban,Y
LP1969,Male,Yes,0,Graduate,No,5306,2430,62.0,480.0,1.0,Rural,Y
LP1970,Male,Yes,0,Not Graduate,No,6676,2623,241.0,240.0,1.0,Urban,Y
LP1971,Male,No,1,Graduate,,2952,6193,316.0,360.0,1.0,Semiurban,Y
LP1972,Male,No,0,Graduate,No,5813,1320,228.0,360.0,1.0,Urban,Y
LP1973,Female,Yes,3+,Graduate,Yes,4856,1700,233.0,360.0,1.0,Rural,Y
LP1974,Male,Yes,0,Graduate,No,5671,752,153.0,,1.0,Rural,N
LP1975,Male,Yes,2,Graduate,No,3823,1603,109.0,360.0,1.0,Semiurban,Y
LP1976,Male,Yes,1,Graduate,No,9410,0,112.0,300.0,1.0,Rural,Y
LP1977,Male,No,1,Graduate,No,4601,0,83.0,360.0,,Semiurban,Y
LP1978,Male,No,1,Graduate,No,11476,0,117.0,360.0,,Semiurban,N
LP1979,Male,Yes,2,Graduate,Yes,3405,1489,68.0,180.0,1.0,Urban,Y
LP1980,Female,No,1,Graduate,Yes,6854,1685,217.0,360.0,1.0,Urban,Y
LP1981,Female,Yes,0,Graduate,No,4694,0,104.0,360.0,0.0,Urban,N
LP1982,Male,No,0,Graduate,No,4160,816,700.0,120.0,1.0,Rural,N
LP1983,Male,Yes,1,Graduate,No,6497,0,65.0,360.0,1.0,Semiurban,Y
LP1984,Male,Yes,0,Graduate,No,4213,0,93.0,360.0,1.0,Urban,Y
LP1985,,No,0,Graduate,No,1731,519,21.0,360.0,1.0,Semiurban,Y
LP1986,Male,Yes,,Graduate,No,1547,0,29.0,360.0,1.0,Semiurban,Y
LP1987,Male,No,0,Graduate,No,8902,0,170.0,360.0,1.0,Semiurban,Y
LP1988,Male,No,0,Not Graduate,Yes,7916,1665,398.0,360.0,1.0,Rural,N
LP1989,Male,Yes,1,Not Graduate,No,11362,0,204.0,360.0,1.0,Urban,N
LP1990,Male,Yes,2,Not Graduate,No,3985,4924,189.0,240.0,1.0,Semiurban,Y
LP1991,Male,No,2,Graduate,No,2776,804,65.0,360.0,0.0,Urban,N
LP1992,Male,Yes,0,Graduate,No,3995,570,44.0,360.0,,Rural,Y
LP1993,Male,Yes,0,Graduate,No,4849,1985,107.0,360.0,1.0,Rural,Y
LP1994,Female,Yes,0,Graduate,No,3113,0,58.0,84.0,,Urban,Y
LP1995,Male,No,0,Graduate,No,10764,631,287.0,360.0,1.0,Semiurban,Y
LP1996,Male,Yes,1,Graduate,No,14590,0,504.0,300.0,1.0,Urban,Y
LP1997,Male,Yes,0,Graduate,No,6035,0,124.0,360.0,1.0,Rural,Y
LP1998,Female,No,3+,Graduate,No,4800,875,116.0,84.0,1.0,Rural,Y
LP1999,Male,Yes,0,Graduate,No,2774,1209,31.0,360.0,,Rural,N
